Tanggal;Terakhir;Pembukaan;Tertinggi;Terendah;Vol.;Perubahan%
23/10/15;6.225;6.2;6.4;6.125;11,35M;2,05%
26/10/15;6.225;6.275;6.325;6.2;5,55M;0,00%
27/10/15;6.2;6.15;6.2;6.1;3,77M;-0,40%
28/10/15;6.075;6.05;6.15;6.05;3,69M;-2,02%
29/10/15;5.65;6.05;6.075;5.65;8,03M;-7,00%
30/10/15;5.525;5.6;5.675;5.525;10,04M;-2,21%
02/11/15;5.825;5.45;5.825;5.45;5,45M;5,43%
03/11/15;5.825;5.875;5.95;5.8;4,90M;0,00%
04/11/15;6.1;5.75;6.1;5.75;5,90M;4,72%
05/11/15;6.0;6.075;6.1;5.925;5,02M;-1,64%
06/11/15;5.85;5.95;6.0;5.85;5,94M;-2,50%
09/11/15;5.55;5.75;5.8;5.55;6,99M;-5,13%
10/11/15;5.375;5.5;5.625;5.375;11,67M;-3,15%
11/11/15;5.25;5.375;5.375;5.15;7,19M;-2,33%
12/11/15;5.175;5.175;5.3;5.175;9,93M;-1,43%
13/11/15;5.175;5.125;5.25;5.075;5,84M;0,00%
16/11/15;5.075;5.175;5.2;5.05;5,26M;-1,93%
17/11/15;5.275;5.175;5.325;5.15;8,25M;3,94%
18/11/15;5.4;5.325;5.475;5.275;7,80M;2,37%
19/11/15;5.65;5.5;5.65;5.5;10,50M;4,63%
20/11/15;5.65;5.65;5.65;5.525;4,13M;0,00%
23/11/15;5.45;5.55;5.625;5.425;4,98M;-3,54%
24/11/15;5.35;5.4;5.45;5.35;4,53M;-1,83%
25/11/15;5.35;5.35;5.425;5.325;4,28M;0,00%
26/11/15;5.475;5.425;5.475;5.35;5,03M;2,34%
27/11/15;5.4;5.5;5.525;5.4;4,11M;-1,37%
30/11/15;4.875;5.3;5.3;4.875;35,36M;-9,72%
01/12/15;5.225;5.0;5.3;5.0;16,80M;7,18%
02/12/15;5.175;5.225;5.275;5.175;4,01M;-0,96%
03/12/15;5.175;5.15;5.225;5.1;4,54M;0,00%
04/12/15;5.05;5.15;5.175;5.025;10,01M;-2,42%
07/12/15;5.125;5.075;5.15;5.075;6,22M;1,49%
08/12/15;5.075;5.05;5.125;5.025;9,22M;-0,98%
10/12/15;5.0;5.025;5.05;4.95;10,25M;-1,48%
11/12/15;4.96;5.05;5.075;4.96;6,19M;-0,80%
14/12/15;4.89;4.86;4.95;4.84;5,95M;-1,41%
15/12/15;4.89;4.84;4.94;4.84;4,61M;0,00%
16/12/15;4.99;4.99;5.0;4.9;9,35M;2,04%
17/12/15;5.125;5.2;5.2;5.05;10,65M;2,71%
18/12/15;5.05;5.05;5.125;5.025;6,06M;-1,46%
21/12/15;4.975;5.05;5.075;4.975;5,80M;-1,49%
22/12/15;4.965;5.0;5.0;4.905;7,16M;-0,20%
23/12/15;4.955;4.97;5.0;4.91;4,25M;-0,20%
28/12/15;5.15;4.91;5.175;4.905;9,54M;3,94%
29/12/15;5.125;5.15;5.175;5.075;2,96M;-0,49%
30/12/15;5.175;5.1;5.2;5.075;9,78M;0,98%
04/01/16;5.3;5.25;5.575;5.175;26,74M;2,42%
05/01/16;5.475;5.3;5.55;5.3;18,36M;3,30%
06/01/16;5.8;5.475;5.8;5.45;22,50M;5,94%
07/01/16;5.65;5.575;5.675;5.525;12,74M;-2,59%
08/01/16;5.675;5.6;5.725;5.55;6,86M;0,44%
11/01/16;5.525;5.625;5.625;5.5;8,02M;-2,64%
12/01/16;5.775;5.575;5.875;5.525;18,84M;4,52%
13/01/16;5.85;5.875;5.925;5.8;7,17M;1,30%
14/01/16;5.7;5.75;5.775;5.65;12,59M;-2,56%
15/01/16;5.725;5.8;5.8;5.7;5,91M;0,44%
18/01/16;5.675;5.6;5.725;5.575;4,91M;-0,87%
19/01/16;5.825;5.65;5.875;5.65;6,37M;2,64%
20/01/16;5.75;5.775;5.85;5.725;10,64M;-1,29%
21/01/16;5.65;5.9;5.9;5.625;8,16M;-1,74%
22/01/16;5.8;5.75;5.825;5.725;7,09M;2,65%
25/01/16;5.7;5.8;5.825;5.675;4,76M;-1,72%
26/01/16;5.525;5.625;5.7;5.525;11,66M;-3,07%
27/01/16;5.85;5.55;5.85;5.55;8,38M;5,88%
28/01/16;5.975;5.85;6.0;5.725;14,67M;2,14%
29/01/16;6.2;6.025;6.2;5.95;18,00M;3,77%
01/02/16;6.275;6.25;6.3;6.05;12,41M;1,21%
02/02/16;6.25;6.275;6.3;6.175;12,53M;-0,40%
03/02/16;6.15;6.2;6.2;6.125;5,37M;-1,60%
04/02/16;6.375;6.2;6.45;6.175;9,83M;3,66%
05/02/16;6.575;6.475;6.6;6.425;14,72M;3,14%
09/02/16;6.7;6.325;6.725;6.325;11,84M;1,90%
10/02/16;6.775;6.525;6.875;6.525;7,16M;1,12%
11/02/16;6.725;6.625;6.9;6.625;6,82M;-0,74%
12/02/16;6.5;6.625;6.675;6.5;7,89M;-3,35%
15/02/16;6.5;6.525;6.6;6.5;4,86M;0,00%
16/02/16;6.55;6.55;6.6;6.475;3,48M;0,77%
17/02/16;6.525;6.6;6.6;6.525;5,63M;-0,38%
18/02/16;6.825;6.6;6.825;6.55;12,15M;4,60%
19/02/16;6.725;6.85;6.85;6.65;7,35M;-1,47%
22/02/16;6.825;6.7;6.85;6.7;6,25M;1,49%
23/02/16;6.775;6.825;6.85;6.75;9,20M;-0,73%
24/02/16;6.65;6.85;6.85;6.55;6,98M;-1,85%
25/02/16;6.5;6.7;6.7;6.5;5,32M;-2,26%
26/02/16;6.825;6.525;6.825;6.525;8,32M;5,00%
29/02/16;7.05;6.7;7.25;6.625;22,88M;3,30%
01/03/16;7.15;7.0;7.25;6.95;6,69M;1,42%
02/03/16;7.275;7.175;7.425;7.15;22,22M;1,75%
03/03/16;7.375;7.325;7.575;7.325;27,66M;1,37%
04/03/16;7.475;7.375;7.475;7.0;19,03M;1,36%
07/03/16;7.4;7.5;7.525;7.3;10,66M;-1,00%
08/03/16;7.35;7.4;7.4;7.15;6,32M;-0,68%
10/03/16;7.425;7.325;7.425;7.3;15,14M;1,02%
11/03/16;7.3;7.225;7.375;7.225;7,12M;-1,68%
14/03/16;7.45;7.3;7.5;7.3;11,85M;2,05%
15/03/16;7.425;7.475;7.5;7.225;5,17M;-0,34%
16/03/16;7.225;7.4;7.4;7.2;10,64M;-2,69%
17/03/16;7.2;7.175;7.275;7.15;8,73M;-0,35%
18/03/16;6.875;7.25;7.25;6.875;27,55M;-4,51%
21/03/16;7.1;7.0;7.15;6.925;14,14M;3,27%
22/03/16;7.075;7.1;7.125;7.05;10,72M;-0,35%
23/03/16;7.1;7.05;7.1;7.025;5,57M;0,35%
24/03/16;6.975;7.05;7.075;6.925;4,92M;-1,76%
28/03/16;6.875;6.85;6.95;6.8;10,06M;-1,43%
29/03/16;6.925;6.875;6.95;6.825;6,13M;0,73%
30/03/16;7.25;6.9;7.25;6.9;14,93M;4,69%
31/03/16;7.225;7.25;7.3;7.175;21,52M;-0,34%
01/04/16;7.225;7.225;7.25;7.125;6,46M;0,00%
04/04/16;7.225;7.225;7.225;7.125;2,56M;0,00%
05/04/16;7.175;7.1;7.225;7.1;4,01M;-0,69%
06/04/16;7.15;7.175;7.225;7.125;4,11M;-0,35%
07/04/16;7.225;7.225;7.25;7.175;12,37M;1,05%
08/04/16;7.225;7.15;7.225;7.15;5,75M;0,00%
11/04/16;7.1;7.1;7.2;7.025;5,19M;-1,73%
12/04/16;7.125;7.1;7.125;7.05;6,05M;0,35%
13/04/16;7.175;7.15;7.2;7.125;8,06M;0,70%
14/04/16;7.15;7.15;7.25;7.15;6,66M;-0,35%
15/04/16;7.125;7.2;7.2;7.05;3,86M;-0,35%
18/04/16;7.15;7.05;7.2;7.05;6,37M;0,35%
19/04/16;7.175;7.15;7.2;7.125;5,62M;0,35%
20/04/16;7.2;7.2;7.3;7.175;21,16M;0,35%
21/04/16;7.25;7.2;7.275;7.15;10,13M;0,69%
22/04/16;7.275;7.25;7.275;7.225;5,77M;0,34%
25/04/16;7.225;7.25;7.25;7.15;2,77M;-0,69%
26/04/16;7.025;7.15;7.175;6.975;6,18M;-2,77%
27/04/16;6.85;6.85;7.0;6.8;9,14M;-2,49%
28/04/16;6.95;6.85;6.975;6.85;5,85M;1,46%
29/04/16;7.125;6.875;7.15;6.875;10,08M;2,52%
02/05/16;7.025;7.1;7.1;6.975;1,61M;-1,40%
03/05/16;7.2;7.1;7.225;7.025;7,98M;2,49%
04/05/16;7.2;7.1;7.225;7.025;5,90M;0,00%
09/05/16;6.95;7.05;7.2;6.95;4,92M;-3,47%
10/05/16;7.15;7.0;7.15;6.95;7,67M;2,88%
11/05/16;7.175;7.175;7.2;7.075;5,99M;0,35%
12/05/16;7.05;7.15;7.175;7.05;3,07M;-1,74%
13/05/16;7.125;7.05;7.175;7.025;4,49M;1,06%
16/05/16;7.025;7.05;7.075;6.925;3,92M;-1,40%
17/05/16;7.025;6.95;7.05;6.9;4,19M;0,00%
18/05/16;7.025;7.0;7.025;6.9;7,36M;0,00%
19/05/16;6.975;7.025;7.05;6.875;5,71M;-0,71%
20/05/16;6.875;6.9;6.925;6.85;5,82M;-1,43%
23/05/16;6.875;6.85;6.9;6.825;5,45M;0,00%
24/05/16;6.85;6.875;6.95;6.85;3,80M;-0,36%
25/05/16;7.025;6.95;7.05;6.9;4,42M;2,55%
26/05/16;6.975;6.925;7.025;6.925;2,15M;-0,71%
27/05/16;7.075;6.975;7.1;6.95;4,70M;1,43%
30/05/16;7.0;7.05;7.075;6.95;3,29M;-1,06%
31/05/16;6.925;7.0;7.025;6.9;14,23M;-1,07%
01/06/16;6.975;6.925;7.0;6.875;4,92M;0,72%
02/06/16;7.125;7.025;7.175;7.0;7,23M;2,15%
03/06/16;7.175;7.175;7.175;7.125;3,79M;0,70%
06/06/16;7.325;7.2;7.4;7.175;27,69M;2,09%
07/06/16;7.35;7.4;7.4;7.3;10,62M;0,34%
08/06/16;7.325;7.3;7.35;7.2;6,43M;-0,34%
09/06/16;7.2;7.3;7.3;7.2;4,89M;-1,71%
10/06/16;7.3;7.3;7.325;7.225;5,19M;1,39%
13/06/16;7.15;7.2;7.225;7.125;3,30M;-2,05%
14/06/16;7.15;7.1;7.15;7.025;3,50M;0,00%
15/06/16;7.175;7.05;7.175;7.05;4,62M;0,35%
16/06/16;7.05;7.025;7.1;7.025;4,88M;-1,74%
17/06/16;7.05;7.05;7.1;7.0;6,18M;0,00%
20/06/16;7.05;7.025;7.05;6.95;6,63M;0,00%
21/06/16;7.0;7.05;7.075;6.9;9,32M;-0,71%
22/06/16;7.1;6.975;7.175;6.975;12,40M;1,43%
23/06/16;7.0;7.1;7.15;7.0;9,39M;-1,41%
24/06/16;7.05;7.1;7.1;6.9;11,70M;0,71%
27/06/16;7.0;7.05;7.05;6.95;4,66M;-0,71%
28/06/16;7.175;7.05;7.225;7.0;9,24M;2,50%
29/06/16;7.225;7.225;7.25;7.175;12,56M;0,70%
30/06/16;7.25;7.225;7.275;7.125;7,66M;0,35%
01/07/16;7.025;7.275;7.275;6.975;9,99M;-3,10%
11/07/16;7.2;7.1;7.2;7.05;12,88M;2,49%
12/07/16;7.2;7.2;7.3;7.05;16,34M;0,00%
13/07/16;7.2;7.25;7.275;7.075;8,25M;0,00%
14/07/16;7.1;7.2;7.25;7.1;6,91M;-1,39%
15/07/16;7.125;7.1;7.225;7.075;5,02M;0,35%
18/07/16;7.25;7.2;7.25;7.125;6,44M;1,75%
19/07/16;7.55;7.3;7.675;7.25;26,83M;4,14%
20/07/16;7.475;7.55;7.575;7.4;8,20M;-0,99%
21/07/16;7.425;7.5;7.525;7.425;9,91M;-0,67%
22/07/16;7.35;7.425;7.425;7.3;10,55M;-1,01%
25/07/16;7.4;7.3;7.45;7.3;6,08M;0,68%
26/07/16;7.65;7.45;7.65;7.4;10,38M;3,38%
27/07/16;8.0;7.7;8.125;7.65;29,04M;4,58%
28/07/16;8.45;8.025;8.725;8.025;26,76M;5,63%
29/07/16;8.325;8.3;8.6;8.2;14,19M;-1,48%
01/08/16;8.4;8.325;8.5;8.325;11,06M;0,90%
02/08/16;8.325;8.225;8.475;8.225;5,05M;-0,89%
03/08/16;8.375;8.25;8.4;8.25;17,51M;0,60%
04/08/16;8.25;8.45;8.475;8.175;6,93M;-1,49%
05/08/16;8.4;8.35;8.4;8.25;6,08M;1,82%
08/08/16;8.5;8.45;8.5;8.375;4,93M;1,19%
09/08/16;8.275;8.4;8.5;8.175;5,23M;-2,65%
10/08/16;8.1;8.275;8.275;8.05;5,22M;-2,11%
11/08/16;8.05;8.2;8.225;7.85;7,55M;-0,62%
12/08/16;8.1;8.125;8.125;8.0;7,19M;0,62%
15/08/16;7.9;8.2;8.2;7.85;5,84M;-2,47%
16/08/16;7.9;8.0;8.0;7.825;7,06M;0,00%
18/08/16;8.25;7.95;8.3;7.925;9,66M;4,43%
19/08/16;8.05;8.325;8.325;8.05;4,94M;-2,42%
22/08/16;7.925;8.2;8.2;7.9;8,77M;-1,55%
23/08/16;7.9;7.925;7.95;7.75;13,96M;-0,32%
24/08/16;7.9;7.95;7.95;7.825;12,45M;0,00%
25/08/16;7.95;7.9;7.975;7.875;26,01M;0,63%
26/08/16;7.925;7.975;8.0;7.875;7,44M;-0,31%
29/08/16;7.925;7.9;7.925;7.775;4,72M;0,00%
30/08/16;7.9;7.925;7.95;7.85;8,17M;-0,32%
31/08/16;7.925;7.925;8.2;7.85;35,28M;0,32%
01/09/16;8.0;8.0;8.075;7.95;13,09M;0,95%
02/09/16;8.0;8.025;8.025;7.95;17,77M;0,00%
05/09/16;8.125;8.075;8.2;8.025;24,27M;1,56%
06/09/16;8.375;8.175;8.375;8.175;27,36M;3,08%
07/09/16;8.525;8.45;8.725;8.425;43,67M;1,79%
08/09/16;8.425;8.525;8.55;8.4;5,84M;-1,17%
09/09/16;8.2;8.425;8.425;8.15;11,76M;-2,67%
13/09/16;8.175;8.025;8.2;7.975;7,52M;-0,30%
14/09/16;8.0;8.05;8.1;7.95;11,16M;-2,14%
15/09/16;8.475;8.0;8.475;7.95;19,58M;5,94%
16/09/16;8.475;8.55;8.55;8.3;11,82M;0,00%
19/09/16;8.4;8.475;8.525;8.4;3,85M;-0,88%
20/09/16;8.35;8.4;8.4;8.275;2,24M;-0,60%
21/09/16;8.6;8.4;8.6;8.25;10,94M;2,99%
22/09/16;8.675;8.625;8.75;8.55;9,01M;0,87%
23/09/16;8.875;8.75;8.925;8.7;14,20M;2,31%
26/09/16;8.75;8.8;8.8;8.65;7,29M;-1,41%
27/09/16;9.125;8.65;9.125;8.625;11,02M;4,29%
28/09/16;9.0;8.825;9.1;8.825;15,54M;-1,37%
29/09/16;9.15;9.05;9.2;9.05;8,50M;1,67%
30/09/16;8.7;9.1;9.125;8.7;12,72M;-4,92%
03/10/16;9.15;8.825;9.175;8.825;7,49M;5,17%
04/10/16;8.925;9.2;9.2;8.925;6,97M;-2,46%
05/10/16;8.9;8.875;8.9;8.7;5,22M;-0,28%
06/10/16;8.9;8.825;8.975;8.8;4,71M;0,00%
07/10/16;8.9;8.975;8.975;8.825;2,91M;0,00%
10/10/16;8.725;8.975;8.975;8.7;3,21M;-1,97%
11/10/16;8.925;8.9;8.95;8.7;11,49M;2,29%
12/10/16;8.925;8.9;8.95;8.8;4,56M;0,00%
13/10/16;8.7;8.825;8.9;8.7;5,37M;-2,52%
14/10/16;8.825;8.75;8.875;8.6;8,63M;1,44%
17/10/16;8.625;8.7;8.8;8.625;6,43M;-2,27%
18/10/16;8.65;8.6;8.7;8.55;8,06M;0,29%
19/10/16;8.55;8.625;8.65;8.525;8,42M;-1,16%
20/10/16;8.6;8.55;8.625;8.475;20,37M;0,58%
21/10/16;8.725;8.625;8.8;8.6;11,93M;1,45%
24/10/16;8.725;8.75;8.775;8.725;6,27M;0,00%
25/10/16;8.525;8.75;8.75;8.525;7,27M;-2,29%
26/10/16;8.525;8.525;8.575;8.4;11,71M;0,00%
27/10/16;8.625;8.55;8.625;8.45;6,21M;1,17%
28/10/16;8.525;8.65;8.65;8.5;8,61M;-1,16%
31/10/16;8.5;8.575;8.6;8.5;8,06M;-0,29%
01/11/16;8.5;8.525;8.525;8.425;6,44M;0,00%
02/11/16;8.45;8.5;8.5;8.425;4,31M;-0,59%
03/11/16;8.2;8.475;8.5;8.15;11,03M;-2,96%
04/11/16;8.175;8.275;8.275;8.05;8,13M;-0,30%
07/11/16;8.15;8.175;8.225;8.1;13,03M;-0,31%
08/11/16;8.375;8.225;8.425;8.225;12,28M;2,76%
09/11/16;8.2;8.45;8.45;8.075;14,38M;-2,09%
10/11/16;8.3;8.3;8.35;8.25;13,31M;1,22%
11/11/16;7.675;8.2;8.2;7.675;16,30M;-7,53%
14/11/16;7.6;7.55;7.775;7.225;29,16M;-0,98%
15/11/16;7.6;7.7;7.775;7.5;15,81M;0,00%
16/11/16;7.7;7.7;7.85;7.65;13,86M;1,32%
17/11/16;7.825;7.75;7.825;7.625;6,19M;1,62%
18/11/16;7.775;7.7;7.8;7.65;7,47M;-0,64%
21/11/16;7.8;7.65;7.8;7.625;11,78M;0,32%
22/11/16;7.7;7.7;7.8;7.6;13,08M;-1,28%
23/11/16;7.7;7.725;7.75;7.575;12,07M;0,00%
24/11/16;7.45;7.65;7.675;7.425;10,92M;-3,25%
25/11/16;7.425;7.4;7.525;7.35;4,40M;-0,34%
28/11/16;7.325;7.475;7.475;7.225;5,87M;-1,35%
29/11/16;7.525;7.375;7.55;7.375;5,86M;2,73%
30/11/16;7.575;7.575;7.7;7.5;43,28M;0,66%
01/12/16;7.7;7.625;7.725;7.625;12,73M;1,65%
02/12/16;7.45;7.7;7.7;7.375;29,88M;-3,25%
05/12/16;7.525;7.5;7.575;7.45;12,19M;1,01%
06/12/16;7.5;7.575;7.625;7.5;7,70M;-0,33%
07/12/16;7.875;7.5;7.9;7.5;19,91M;5,00%
08/12/16;8.1;7.875;8.1;7.75;13,53M;2,86%
09/12/16;8.05;8.0;8.1;7.95;4,34M;-0,62%
13/12/16;8.125;8.05;8.125;7.925;12,48M;0,93%
14/12/16;7.975;8.075;8.1;7.9;7,59M;-1,85%
15/12/16;7.975;7.9;7.975;7.825;3,77M;0,00%
16/12/16;7.75;7.825;7.975;7.75;8,49M;-2,82%
19/12/16;7.7;7.8;7.925;7.7;3,75M;-0,65%
20/12/16;7.625;7.65;7.75;7.575;3,40M;-0,97%
21/12/16;7.375;7.5;7.65;7.375;9,31M;-3,28%
22/12/16;7.25;7.375;7.425;7.2;5,08M;-1,69%
23/12/16;7.275;7.2;7.4;7.2;6,16M;0,34%
27/12/16;7.65;7.3;7.65;7.3;4,38M;5,15%
28/12/16;7.625;7.7;7.775;7.625;4,98M;-0,33%
29/12/16;7.85;7.55;7.925;7.55;11,99M;2,95%
30/12/16;7.925;8.0;8.0;7.85;8,17M;0,96%
03/01/17;7.725;7.975;7.975;7.725;5,39M;-2,52%
04/01/17;7.8;7.8;7.85;7.75;4,00M;0,97%
05/01/17;8.0;7.775;8.0;7.775;6,30M;2,56%
06/01/17;8.025;8.0;8.075;7.95;5,79M;0,31%
09/01/17;7.825;8.0;8.025;7.8;8,24M;-2,49%
10/01/17;7.975;7.8;7.975;7.7;4,00M;1,92%
11/01/17;7.95;7.95;7.95;7.85;5,50M;-0,31%
12/01/17;7.875;7.825;7.9;7.825;4,35M;-0,94%
13/01/17;7.875;7.825;7.875;7.75;5,27M;0,00%
16/01/17;7.8;7.9;7.9;7.8;3,16M;-0,95%
17/01/17;7.8;7.8;7.925;7.8;2,98M;0,00%
18/01/17;7.95;7.85;7.975;7.85;6,16M;1,92%
19/01/17;8.025;8.0;8.05;7.95;15,22M;0,94%
20/01/17;8.05;8.025;8.05;7.925;5,45M;0,31%
23/01/17;8.1;8.05;8.1;7.975;5,64M;0,62%
24/01/17;8.0;8.125;8.15;7.975;5,63M;-1,23%
25/01/17;8.0;8.0;8.05;7.925;5,23M;0,00%
26/01/17;8.0;8.075;8.075;7.95;3,43M;0,00%
27/01/17;8.0;7.95;8.05;7.925;4,76M;0,00%
30/01/17;7.8;7.925;8.0;7.8;6,93M;-2,50%
31/01/17;7.925;7.9;8.0;7.85;5,30M;1,60%
01/02/17;7.925;7.975;8.025;7.925;6,56M;0,00%
02/02/17;7.925;7.9;8.0;7.875;12,18M;0,00%
03/02/17;7.875;8.0;8.0;7.875;10,02M;-0,63%
06/02/17;7.95;7.875;7.975;7.875;4,40M;0,95%
07/02/17;7.925;7.9;7.975;7.9;5,17M;-0,31%
08/02/17;7.95;7.9;8.0;7.9;5,63M;0,32%
09/02/17;7.95;8.05;8.05;7.9;13,17M;0,00%
10/02/17;8.0;7.95;8.025;7.95;4,12M;0,63%
13/02/17;8.0;8.05;8.05;7.95;9,04M;0,00%
14/02/17;7.975;8.0;8.025;7.95;8,18M;-0,31%
16/02/17;8.0;8.025;8.125;8.0;7,02M;0,31%
17/02/17;8.0;8.0;8.075;7.95;2,50M;0,00%
20/02/17;8.125;7.975;8.15;7.975;3,24M;1,56%
21/02/17;8.15;8.125;8.2;8.1;8,23M;0,31%
22/02/17;8.125;8.15;8.2;8.075;12,77M;-0,31%
23/02/17;8.075;8.125;8.125;8.0;4,17M;-0,62%
24/02/17;8.1;7.975;8.15;7.975;3,26M;0,31%
27/02/17;7.975;8.1;8.1;7.975;3,41M;-1,54%
28/02/17;8.125;7.95;8.125;7.95;7,01M;1,88%
01/03/17;8.0;8.15;8.175;8.0;7,02M;-1,54%
02/03/17;8.025;8.1;8.15;8.025;6,61M;0,31%
03/03/17;8.05;8.1;8.1;8.0;5,38M;0,31%
06/03/17;8.075;8.05;8.1;8.025;3,32M;0,31%
07/03/17;8.025;8.05;8.075;7.975;3,50M;-0,62%
08/03/17;7.975;7.975;8.05;7.95;3,77M;-0,62%
09/03/17;8.0;7.925;8.0;7.925;2,02M;0,31%
10/03/17;7.925;8.05;8.05;7.875;4,62M;-0,94%
13/03/17;7.95;7.925;8.0;7.875;1,30M;0,32%
14/03/17;7.925;7.875;8.0;7.875;17,86M;-0,31%
15/03/17;7.975;7.925;8.075;7.925;6,91M;0,63%
16/03/17;8.3;8.05;8.375;8.05;15,51M;4,08%
17/03/17;8.325;8.375;8.525;8.275;17,09M;0,30%
20/03/17;8.175;8.325;8.325;8.1;6,34M;-1,80%
21/03/17;8.125;8.225;8.225;8.0;9,42M;-0,61%
22/03/17;8.1;8.075;8.1;7.975;14,24M;-0,31%
23/03/17;8.075;8.1;8.15;8.025;5,94M;-0,31%
24/03/17;8.05;8.2;8.3;8.025;14,88M;-0,31%
27/03/17;7.95;8.125;8.125;7.95;9,06M;-1,24%
29/03/17;8.0;8.05;8.15;7.95;18,23M;0,63%
30/03/17;8.0;8.025;8.05;7.95;7,21M;0,00%
31/03/17;8.0;8.025;8.025;7.95;10,02M;0,00%
03/04/17;8.0;7.95;8.075;7.95;5,89M;0,00%
04/04/17;8.075;8.05;8.1;7.975;8,09M;0,94%
05/04/17;7.975;8.1;8.1;7.925;14,00M;-1,24%
06/04/17;8.0;8.025;8.025;7.95;4,20M;0,31%
07/04/17;7.975;7.95;8.0;7.925;7,73M;-0,31%
10/04/17;7.975;7.975;8.0;7.925;6,44M;0,00%
11/04/17;7.975;7.95;8.0;7.95;9,77M;0,00%
12/04/17;7.975;7.975;8.075;7.925;4,03M;0,00%
13/04/17;7.975;8.0;8.0;7.925;3,38M;0,00%
17/04/17;7.975;7.95;8.0;7.925;5,39M;0,00%
18/04/17;7.95;7.975;8.0;7.95;5,20M;-0,31%
20/04/17;7.95;7.925;8.0;7.925;4,69M;0,00%
21/04/17;8.025;7.925;8.1;7.925;5,06M;0,94%
25/04/17;8.1;8.1;8.125;8.025;7,33M;0,93%
26/04/17;8.125;8.125;8.175;8.075;9,94M;0,31%
27/04/17;8.45;8.225;8.5;8.2;63,74M;4,00%
28/04/17;8.375;8.525;8.525;8.35;14,96M;-0,89%
02/05/17;8.425;8.325;8.5;8.3;13,45M;0,60%
03/05/17;8.475;8.5;8.55;8.4;22,30M;0,59%
04/05/17;8.475;8.475;8.525;8.425;17,74M;0,00%
05/05/17;8.475;8.5;8.5;8.4;7,51M;0,00%
08/05/17;8.45;8.5;8.575;8.425;13,37M;-0,29%
09/05/17;8.475;8.525;8.525;8.45;7,63M;0,30%
10/05/17;8.4;8.5;8.525;8.325;7,46M;-0,88%
12/05/17;8.475;8.3;8.5;8.3;6,22M;0,89%
15/05/17;8.475;8.475;8.5;8.4;3,72M;0,00%
16/05/17;8.375;8.525;8.525;8.375;7,65M;-1,18%
17/05/17;8.475;8.35;8.5;8.325;14,16M;1,19%
18/05/17;8.45;8.35;8.5;8.325;17,97M;-0,29%
19/05/17;8.65;8.45;9.0;8.4;12,83M;2,37%
22/05/17;8.7;8.775;8.8;8.575;22,70M;0,58%
23/05/17;8.8;8.725;8.8;8.65;16,51M;1,15%
24/05/17;8.8;8.6;8.8;8.6;13,26M;0,00%
26/05/17;8.75;8.725;8.8;8.65;10,23M;-0,57%
29/05/17;8.85;8.8;8.85;8.7;2,67M;1,14%
30/05/17;8.775;8.9;8.925;8.75;9,24M;-0,85%
31/05/17;8.75;8.775;8.775;8.65;13,10M;-0,28%
02/06/17;8.825;8.85;8.85;8.7;7,40M;0,86%
05/06/17;8.875;8.875;8.9;8.8;4,88M;0,57%
06/06/17;8.875;8.925;8.95;8.875;7,21M;0,00%
07/06/17;8.925;8.875;8.95;8.875;3,35M;0,56%
08/06/17;8.6;8.925;8.95;8.55;44,09M;-3,64%
09/06/17;8.5;8.6;8.6;8.45;27,55M;-1,16%
12/06/17;8.475;8.4;8.5;8.325;11,94M;-0,29%
13/06/17;8.475;8.475;8.55;8.45;14,43M;0,00%
14/06/17;8.55;8.5;8.55;8.425;20,29M;0,88%
15/06/17;8.5;8.55;8.55;8.475;16,35M;-0,58%
16/06/17;8.325;8.5;8.525;8.325;16,09M;-2,06%
19/06/17;8.325;8.4;8.425;8.3;11,06M;0,00%
20/06/17;8.5;8.375;8.525;8.35;9,13M;2,10%
21/06/17;8.5;8.45;8.55;8.4;7,90M;0,00%
22/06/17;8.6;8.45;8.625;8.45;13,11M;1,18%
03/07/17;8.775;8.65;8.775;8.6;13,13M;2,03%
04/07/17;8.75;8.7;8.75;8.675;11,11M;-0,28%
05/07/17;8.75;8.75;8.75;8.55;8,29M;0,00%
06/07/17;8.75;8.75;8.75;8.65;4,68M;0,00%
07/07/17;8.75;8.75;8.75;8.625;7,71M;0,00%
10/07/17;8.6;8.75;8.75;8.575;4,21M;-1,71%
11/07/17;8.675;8.675;8.675;8.55;5,03M;0,87%
12/07/17;8.7;8.65;8.7;8.55;7,13M;0,29%
13/07/17;8.75;8.75;8.8;8.7;9,38M;0,57%
14/07/17;8.775;8.75;8.8;8.65;4,37M;0,29%
17/07/17;8.775;8.8;8.8;8.65;4,66M;0,00%
18/07/17;8.775;8.775;8.775;8.675;3,18M;0,00%
19/07/17;8.675;8.75;8.75;8.625;5,21M;-1,14%
20/07/17;8.775;8.675;8.775;8.675;2,74M;1,15%
21/07/17;8.575;8.8;8.8;8.5;7,43M;-2,28%
24/07/17;8.725;8.5;8.725;8.475;4,86M;1,75%
25/07/17;8.725;8.725;8.725;8.575;6,02M;0,00%
26/07/17;8.625;8.625;8.725;8.55;4,89M;-1,15%
27/07/17;8.6;8.675;8.675;8.525;4,11M;-0,29%
28/07/17;8.6;8.5;8.625;8.45;7,32M;0,00%
31/07/17;8.375;8.5;8.6;8.25;12,75M;-2,62%
01/08/17;8.3;8.4;8.45;8.225;9,06M;-0,90%
02/08/17;8.3;8.275;8.35;8.25;4,75M;0,00%
03/08/17;8.25;8.3;8.35;8.225;6,71M;-0,60%
04/08/17;8.225;8.225;8.325;8.175;6,60M;-0,30%
07/08/17;8.2;8.25;8.35;8.15;6,80M;-0,30%
08/08/17;8.4;8.2;8.4;8.2;4,04M;2,44%
09/08/17;8.4;8.325;8.4;8.2;7,30M;0,00%
10/08/17;8.45;8.45;8.475;8.275;3,29M;0,60%
11/08/17;8.25;8.425;8.425;8.225;6,38M;-2,37%
14/08/17;8.25;8.325;8.35;8.25;2,45M;0,00%
15/08/17;8.325;8.3;8.35;8.225;2,25M;0,91%
16/08/17;8.375;8.275;8.375;8.275;4,97M;0,60%
18/08/17;8.4;8.3;8.45;8.3;3,99M;0,30%
21/08/17;8.3;8.3;8.375;8.275;3,94M;-1,19%
22/08/17;8.325;8.4;8.4;8.3;4,51M;0,30%
23/08/17;8.35;8.375;8.375;8.275;4,37M;0,30%
24/08/17;8.4;8.275;8.425;8.275;4,66M;0,60%
25/08/17;8.6;8.4;8.6;8.4;6,55M;2,38%
28/08/17;8.625;8.6;8.625;8.5;1,56M;0,29%
29/08/17;8.675;8.625;8.7;8.525;3,67M;0,58%
30/08/17;8.675;8.675;8.7;8.55;5,40M;0,00%
31/08/17;8.375;8.65;8.65;8.375;7,68M;-3,46%
04/09/17;8.375;8.4;8.45;8.35;4,53M;0,00%
05/09/17;8.375;8.375;8.4;8.275;3,51M;0,00%
06/09/17;8.375;8.375;8.4;8.3;4,53M;0,00%
07/09/17;8.525;8.35;8.55;8.325;4,36M;1,79%
08/09/17;8.65;8.55;8.675;8.525;5,79M;1,47%
11/09/17;8.6;8.65;8.7;8.575;3,98M;-0,58%
12/09/17;8.7;8.65;8.7;8.575;4,19M;1,16%
13/09/17;8.575;8.7;8.7;8.575;2,84M;-1,44%
14/09/17;8.525;8.55;8.575;8.5;4,13M;-0,58%
15/09/17;8.5;8.525;8.575;8.425;11,07M;-0,29%
18/09/17;8.475;8.5;8.6;8.45;3,84M;-0,29%
19/09/17;8.575;8.475;8.6;8.4;7,63M;1,18%
20/09/17;8.725;8.55;8.725;8.5;6,02M;1,75%
22/09/17;8.525;8.75;8.75;8.525;9,52M;-2,29%
25/09/17;8.625;8.525;8.625;8.525;2,85M;1,17%
26/09/17;8.525;8.6;8.6;8.475;5,98M;-1,16%
27/09/17;8.55;8.55;8.55;8.45;7,35M;0,29%
28/09/17;8.4;8.575;8.575;8.4;6,96M;-1,75%
29/09/17;8.425;8.425;8.575;8.425;7,30M;0,30%
02/10/17;8.55;8.45;8.55;8.45;3,64M;1,48%
03/10/17;8.6;8.55;8.675;8.5;7,39M;0,58%
04/10/17;8.6;8.675;8.675;8.525;2,44M;0,00%
05/10/17;8.425;8.6;8.625;8.425;10,44M;-2,03%
06/10/17;8.4;8.425;8.5;8.4;5,88M;-0,30%
09/10/17;8.4;8.4;8.425;8.325;9,36M;0,00%
10/10/17;8.425;8.4;8.425;8.35;5,19M;0,30%
11/10/17;8.375;8.4;8.425;8.275;9,19M;-0,59%
12/10/17;8.4;8.35;8.45;8.35;7,72M;0,30%
13/10/17;8.325;8.4;8.4;8.325;17,44M;-0,89%
16/10/17;8.325;8.325;8.375;8.25;6,64M;0,00%
17/10/17;8.25;8.325;8.35;8.2;7,39M;-0,90%
18/10/17;8.325;8.25;8.325;8.175;5,62M;0,91%
19/10/17;8.15;8.325;8.325;8.15;6,16M;-2,10%
20/10/17;8.225;8.225;8.3;8.175;3,58M;0,92%
23/10/17;8.35;8.25;8.4;8.25;4,81M;1,52%
24/10/17;8.4;8.4;8.45;8.325;5,35M;0,60%
25/10/17;8.475;8.35;8.475;8.35;4,37M;0,89%
26/10/17;8.475;8.45;8.5;8.225;11,33M;0,00%
27/10/17;8.25;8.475;8.475;8.25;6,25M;-2,65%
30/10/17;8.15;8.325;8.325;8.15;6,94M;-1,21%
31/10/17;8.2;8.3;8.3;8.2;6,00M;0,61%
01/11/17;8.2;8.275;8.3;8.2;5,34M;0,00%
02/11/17;8.1;8.175;8.325;8.1;6,44M;-1,22%
03/11/17;8.225;8.15;8.25;8.1;5,58M;1,54%
06/11/17;8.2;8.25;8.25;8.175;4,34M;-0,30%
07/11/17;8.125;8.225;8.225;8.025;13,40M;-0,91%
08/11/17;8.075;8.125;8.15;8.05;5,65M;-0,62%
09/11/17;7.95;8.1;8.1;7.95;11,23M;-1,55%
10/11/17;8.025;8.05;8.1;8.0;10,26M;0,94%
13/11/17;7.95;8.025;8.075;7.95;6,14M;-0,93%
14/11/17;7.95;8.0;8.05;7.95;2,86M;0,00%
15/11/17;7.875;8.0;8.025;7.875;4,62M;-0,94%
16/11/17;7.75;7.85;7.9;7.75;10,60M;-1,59%
17/11/17;7.8;7.775;7.925;7.75;13,65M;0,65%
20/11/17;7.8;7.875;7.975;7.8;9,33M;0,00%
21/11/17;7.725;7.775;7.825;7.7;9,89M;-0,96%
22/11/17;7.725;7.675;7.8;7.675;7,50M;0,00%
23/11/17;7.8;7.775;7.9;7.725;10,22M;0,97%
24/11/17;7.7;7.75;7.775;7.675;9,34M;-1,28%
27/11/17;7.825;7.75;7.825;7.7;12,47M;1,62%
28/11/17;7.7;7.85;7.85;7.65;14,65M;-1,60%
29/11/17;7.6;7.7;7.75;7.6;11,13M;-1,30%
30/11/17;7.325;7.55;7.675;7.325;27,03M;-3,62%
04/12/17;7.3;7.5;7.525;7.3;14,22M;-0,34%
05/12/17;7.3;7.4;7.4;7.275;13,37M;0,00%
06/12/17;7.325;7.35;7.4;7.3;8,36M;0,34%
07/12/17;7.325;7.3;7.4;7.3;8,87M;0,00%
08/12/17;7.375;7.4;7.425;7.3;9,39M;0,68%
11/12/17;7.375;7.4;7.425;7.35;6,76M;0,00%
12/12/17;7.35;7.35;7.4;7.275;12,21M;-0,34%
13/12/17;7.475;7.35;7.475;7.325;18,46M;1,70%
14/12/17;7.525;7.475;7.675;7.475;15,60M;0,67%
15/12/17;7.45;7.525;7.525;7.4;16,75M;-1,00%
18/12/17;7.5;7.4;7.5;7.375;9,18M;0,67%
19/12/17;7.65;7.5;7.7;7.475;15,71M;2,00%
20/12/17;7.55;7.65;7.7;7.425;14,61M;-1,31%
21/12/17;7.6;7.525;7.6;7.475;10,86M;0,66%
22/12/17;7.625;7.6;7.625;7.575;4,69M;0,33%
27/12/17;7.625;7.625;7.625;7.575;3,27M;0,00%
28/12/17;7.7;7.65;7.7;7.6;10,30M;0,98%
29/12/17;7.625;7.7;7.775;7.6;12,85M;-0,97%
02/01/18;7.55;7.65;7.7;7.55;6,88M;-0,98%
03/01/18;7.65;7.6;7.7;7.6;11,53M;1,32%
04/01/18;7.725;7.65;7.725;7.6;6,86M;0,98%
05/01/18;7.675;7.7;7.7;7.625;8,06M;-0,65%
08/01/18;7.85;7.7;7.875;7.7;13,36M;2,28%
09/01/18;7.825;7.825;7.85;7.775;13,53M;-0,32%
10/01/18;7.825;7.875;7.875;7.8;10,00M;0,00%
11/01/18;7.875;7.8;7.875;7.75;5,04M;0,64%
12/01/18;7.85;7.875;7.9;7.8;8,53M;-0,32%
15/01/18;7.8;7.85;7.875;7.775;2,80M;-0,64%
16/01/18;7.9;7.8;7.9;7.775;15,05M;1,28%
17/01/18;7.95;7.9;7.975;7.875;13,87M;0,63%
18/01/18;7.9;7.9;7.975;7.875;7,60M;-0,63%
19/01/18;7.925;7.925;7.925;7.85;6,29M;0,32%
22/01/18;8.075;7.925;8.1;7.925;19,06M;1,89%
23/01/18;8.125;8.075;8.125;8.0;14,25M;0,62%
24/01/18;8.075;8.025;8.125;8.025;7,08M;-0,62%
25/01/18;8.0;8.075;8.1;7.9;7,48M;-0,93%
26/01/18;8.075;8.0;8.075;7.975;3,99M;0,94%
29/01/18;8.075;8.1;8.1;7.975;6,65M;0,00%
30/01/18;7.8;8.125;8.125;7.8;11,51M;-3,41%
31/01/18;7.75;7.8;7.875;7.7;11,97M;-0,64%
01/02/18;7.7;7.75;7.9;7.7;10,20M;-0,65%
02/02/18;7.775;7.8;7.875;7.75;4,59M;0,97%
05/02/18;7.8;7.6;7.875;7.575;5,12M;0,32%
06/02/18;7.65;7.7;7.775;7.65;16,50M;-1,92%
07/02/18;7.925;7.8;7.925;7.7;9,92M;3,59%
08/02/18;7.85;7.9;7.9;7.825;6,54M;-0,95%
09/02/18;7.75;7.75;7.875;7.725;8,92M;-1,27%
12/02/18;7.775;7.775;7.825;7.75;3,65M;0,32%
13/02/18;7.75;7.725;7.825;7.725;10,11M;-0,32%
14/02/18;7.825;7.75;7.85;7.75;3,86M;0,97%
15/02/18;7.8;7.85;7.85;7.8;4,14M;-0,32%
19/02/18;7.85;7.85;7.875;7.775;4,80M;0,64%
20/02/18;7.75;7.8;7.875;7.725;3,43M;-1,27%
21/02/18;7.625;7.75;7.775;7.625;10,74M;-1,61%
22/02/18;7.7;7.65;7.75;7.625;6,05M;0,98%
23/02/18;7.625;7.725;7.775;7.625;6,81M;-0,97%
26/02/18;7.55;7.65;7.675;7.55;7,87M;-0,98%
27/02/18;7.575;7.625;7.675;7.55;7,91M;0,33%
28/02/18;7.575;7.55;7.65;7.55;10,39M;0,00%
01/03/18;7.775;7.575;7.8;7.55;8,51M;2,64%
02/03/18;7.7;7.75;7.775;7.675;6,04M;-0,96%
05/03/18;7.6;7.7;7.7;7.575;13,24M;-1,30%
06/03/18;7.45;7.6;7.6;7.45;11,20M;-1,97%
07/03/18;7.275;7.45;7.45;7.25;9,96M;-2,35%
08/03/18;7.325;7.3;7.5;7.3;9,36M;0,69%
09/03/18;7.45;7.45;7.5;7.375;3,13M;1,71%
12/03/18;7.55;7.525;7.6;7.5;6,55M;1,34%
13/03/18;7.5;7.55;7.575;7.475;7,59M;-0,66%
14/03/18;7.325;7.6;7.6;7.325;3,52M;-2,33%
15/03/18;7.175;7.425;7.425;7.15;7,59M;-2,05%
16/03/18;7.15;7.175;7.325;7.075;14,48M;-0,35%
19/03/18;7.2;7.15;7.35;7.15;3,14M;0,70%
20/03/18;7.0;7.2;7.275;7.0;5,95M;-2,78%
21/03/18;7.275;7.0;7.35;7.0;7,73M;3,93%
22/03/18;7.15;7.325;7.4;7.15;5,78M;-1,72%
23/03/18;7.15;7.15;7.375;7.05;8,57M;0,00%
26/03/18;7.2;7.15;7.225;7.125;3,79M;0,70%
27/03/18;7.15;7.25;7.35;7.05;8,87M;-0,69%
28/03/18;7.125;7.125;7.15;6.975;7,50M;-0,35%
29/03/18;7.2;7.125;7.2;7.025;8,82M;1,05%
02/04/18;7.35;7.25;7.35;7.15;2,89M;2,08%
03/04/18;7.15;7.35;7.35;7.125;6,53M;-2,72%
04/04/18;7.2;7.225;7.3;7.075;5,17M;0,70%
05/04/18;7.125;7.2;7.225;7.125;2,35M;-1,04%
06/04/18;7.1;7.15;7.2;7.1;3,89M;-0,35%
09/04/18;7.175;7.075;7.225;7.075;6,90M;1,06%
10/04/18;7.25;7.125;7.275;7.125;11,62M;1,05%
11/04/18;7.225;7.3;7.3;7.15;9,45M;-0,34%
12/04/18;7.125;7.225;7.225;7.05;10,13M;-1,38%
13/04/18;7.075;7.15;7.175;7.05;7,04M;-0,70%
16/04/18;7.05;7.05;7.1;7.025;5,15M;-0,35%
17/04/18;7.1;7.075;7.125;7.05;12,17M;0,71%
18/04/18;7.05;7.125;7.15;7.025;8,01M;-0,70%
19/04/18;7.15;7.05;7.15;7.05;3,75M;1,42%
20/04/18;7.1;7.15;7.15;7.05;6,61M;-0,70%
23/04/18;7.0;7.05;7.1;6.975;8,44M;-1,41%
24/04/18;6.9;7.05;7.05;6.9;4,39M;-1,43%
25/04/18;6.875;6.9;6.95;6.8;4,63M;-0,36%
26/04/18;6.75;6.8;6.875;6.575;10,32M;-1,82%
27/04/18;6.775;6.775;6.875;6.675;4,40M;0,37%
30/04/18;6.975;6.775;6.975;6.775;9,48M;2,95%
02/05/18;6.925;6.975;6.975;6.85;7,28M;-0,72%
03/05/18;6.725;6.8;6.85;6.7;7,64M;-2,89%
04/05/18;6.35;6.675;6.675;6.3;14,99M;-5,58%
07/05/18;6.375;6.3;6.475;6.25;4,37M;0,39%
08/05/18;6.2;6.375;6.45;6.2;7,32M;-2,75%
09/05/18;6.375;6.1;6.6;6.075;14,52M;2,82%
11/05/18;6.5;6.4;6.575;6.4;7,99M;1,96%
14/05/18;6.45;6.35;6.5;6.325;6,59M;-0,77%
15/05/18;6.475;6.45;6.5;6.425;7,39M;0,39%
16/05/18;6.425;6.375;6.45;6.3;6,79M;-0,77%
17/05/18;6.3;6.5;6.5;6.3;9,84M;-1,95%
18/05/18;6.375;6.4;6.425;6.325;5,59M;1,19%
21/05/18;6.3;6.375;6.375;6.275;10,35M;-1,18%
22/05/18;6.55;6.5;6.65;6.375;11,03M;3,97%
23/05/18;6.8;6.55;6.95;6.525;15,41M;3,82%
24/05/18;6.975;6.875;7.075;6.8;16,20M;2,57%
25/05/18;7.025;7.0;7.025;6.8;9,52M;0,72%
28/05/18;7.075;7.025;7.15;6.9;9,06M;0,71%
30/05/18;7.025;7.075;7.125;6.875;11,30M;-0,71%
31/05/18;7.075;6.9;7.075;6.875;21,65M;0,71%
04/06/18;7.025;7.075;7.125;7.025;7,71M;-0,71%
05/06/18;7.2;7.1;7.2;7.0;8,14M;2,49%
06/06/18;6.975;7.25;7.25;6.975;10,76M;-3,13%
07/06/18;7.1;7.0;7.175;7.0;12,78M;1,79%
08/06/18;6.95;7.125;7.15;6.95;17,60M;-2,11%
20/06/18;6.7;6.9;6.95;6.625;20,19M;-3,60%
21/06/18;6.525;6.85;6.85;6.475;7,80M;-2,61%
22/06/18;6.55;6.5;6.675;6.475;8,91M;0,38%
25/06/18;6.625;6.65;6.7;6.5;5,83M;1,15%
26/06/18;6.625;6.625;6.725;6.55;9,37M;0,00%
27/06/18;6.55;6.6;6.625;6.55;4,28M;-1,13%
28/06/18;6.35;6.5;6.575;6.35;8,16M;-3,05%
29/06/18;6.65;6.425;6.7;6.4;7,58M;4,72%
02/07/18;6.525;6.65;6.65;6.5;3,11M;-1,88%
03/07/18;6.25;6.45;6.45;6.2;7,07M;-4,21%
04/07/18;6.425;6.25;6.475;6.15;2,51M;2,80%
05/07/18;6.3;6.375;6.4;6.225;5,57M;-1,95%
06/07/18;6.2;6.325;6.35;6.2;2,36M;-1,59%
09/07/18;6.55;6.25;6.6;6.225;5,60M;5,65%
10/07/18;6.65;6.6;6.65;6.475;6,28M;1,53%
11/07/18;6.625;6.6;6.675;6.5;5,22M;-0,38%
12/07/18;6.55;6.625;6.625;6.475;3,07M;-1,13%
13/07/18;6.525;6.475;6.55;6.45;4,19M;-0,38%
16/07/18;6.525;6.525;6.55;6.4;3,61M;0,00%
17/07/18;6.425;6.45;6.475;6.375;3,25M;-1,53%
18/07/18;6.4;6.45;6.45;6.35;3,12M;-0,39%
19/07/18;6.325;6.4;6.425;6.325;4,36M;-1,17%
20/07/18;6.275;6.3;6.35;6.275;5,04M;-0,79%
23/07/18;6.425;6.3;6.425;6.275;3,59M;2,39%
24/07/18;6.4;6.425;6.45;6.375;2,90M;-0,39%
25/07/18;6.35;6.4;6.425;6.35;1,29M;-0,78%
26/07/18;6.375;6.4;6.4;6.325;3,14M;0,39%
27/07/18;6.275;6.4;6.4;6.275;8,74M;-1,57%
30/07/18;6.275;6.3;6.35;6.25;9,16M;0,00%
31/07/18;6.35;6.35;6.35;6.25;6,71M;1,20%
01/08/18;6.425;6.35;6.45;6.325;7,58M;1,18%
02/08/18;6.4;6.425;6.45;6.35;3,04M;-0,39%
03/08/18;6.375;6.35;6.425;6.3;3,68M;-0,39%
06/08/18;6.6;6.4;6.625;6.375;7,21M;3,53%
07/08/18;6.575;6.6;6.65;6.5;5,34M;-0,38%
08/08/18;6.45;6.6;6.625;6.4;5,20M;-1,90%
09/08/18;6.425;6.45;6.475;6.375;2,78M;-0,39%
10/08/18;6.4;6.425;6.45;6.325;4,04M;-0,39%
13/08/18;6.2;6.375;6.375;6.2;4,92M;-3,13%
14/08/18;6.125;6.25;6.3;6.0;8,21M;-1,21%
15/08/18;6.125;6.125;6.225;6.05;7,35M;0,00%
16/08/18;6.1;6.1;6.15;6.05;6,59M;-0,41%
20/08/18;6.2;6.225;6.35;6.15;3,65M;1,64%
21/08/18;6.475;6.2;6.5;6.2;7,23M;4,44%
23/08/18;6.6;6.5;6.6;6.5;7,41M;1,93%
24/08/18;6.675;6.65;6.7;6.6;5,19M;1,14%
27/08/18;6.675;6.7;6.775;6.625;5,23M;0,00%
28/08/18;6.45;6.675;6.7;6.425;7,90M;-3,37%
29/08/18;6.375;6.45;6.475;6.275;7,81M;-1,16%
30/08/18;6.3;6.375;6.5;6.3;6,91M;-1,18%
31/08/18;6.375;6.275;6.375;6.25;7,70M;1,19%
03/09/18;6.375;6.375;6.375;6.325;3,77M;0,00%
04/09/18;6.35;6.4;6.425;6.3;5,21M;-0,39%
05/09/18;5.95;6.3;6.3;5.95;11,87M;-6,30%
06/09/18;5.95;5.875;6.1;5.85;7,77M;0,00%
07/09/18;6.1;6.0;6.2;5.975;9,08M;2,52%
10/09/18;6.125;6.1;6.2;6.05;3,21M;0,41%
12/09/18;6.125;6.125;6.125;6.025;8,84M;0,00%
13/09/18;6.0;6.125;6.125;5.925;17,65M;-2,04%
14/09/18;6.175;6.0;6.225;5.975;9,23M;2,92%
17/09/18;6.1;6.2;6.2;6.05;3,32M;-1,21%
18/09/18;5.925;6.05;6.1;5.925;12,71M;-2,87%
19/09/18;5.85;5.95;6.025;5.85;10,49M;-1,27%
20/09/18;6.0;5.9;6.025;5.875;9,30M;2,56%
21/09/18;6.075;6.075;6.075;6.0;11,84M;1,25%
24/09/18;5.975;6.075;6.075;5.95;3,54M;-1,65%
25/09/18;6.0;6.0;6.025;5.95;2,10M;0,42%
26/09/18;5.975;6.0;6.025;5.975;1,94M;-0,42%
27/09/18;5.975;5.975;6.025;5.925;5,67M;0,00%
28/09/18;5.9;5.95;6.0;5.9;9,68M;-1,26%
01/10/18;6.025;5.9;6.025;5.9;3,79M;2,12%
02/10/18;5.975;6.025;6.025;5.925;4,20M;-0,83%
03/10/18;5.95;5.95;5.975;5.925;3,47M;-0,42%
04/10/18;5.9;5.925;5.95;5.875;4,04M;-0,84%
05/10/18;5.775;5.9;5.9;5.775;5,55M;-2,12%
08/10/18;5.575;5.775;5.825;5.55;13,18M;-3,46%
09/10/18;5.6;5.6;5.65;5.575;8,00M;0,45%
10/10/18;5.7;5.6;5.725;5.6;9,26M;1,79%
11/10/18;5.525;5.55;5.675;5.5;9,39M;-3,07%
12/10/18;5.575;5.525;5.7;5.525;6,64M;0,90%
15/10/18;5.525;5.575;5.675;5.525;5,15M;-0,90%
16/10/18;5.65;5.55;5.65;5.525;5,79M;2,26%
17/10/18;6.0;5.675;6.025;5.675;11,59M;6,19%
18/10/18;6.1;6.0;6.1;5.9;7,14M;1,67%
19/10/18;6.0;6.0;6.025;5.85;6,18M;-1,64%
22/10/18;5.95;6.0;6.0;5.9;3,02M;-0,83%
23/10/18;5.8;5.95;5.975;5.8;3,20M;-2,52%
24/10/18;5.7;5.825;5.875;5.7;4,06M;-1,72%
25/10/18;5.8;5.6;5.8;5.6;4,21M;1,75%
26/10/18;5.7;5.8;5.825;5.7;3,07M;-1,72%
29/10/18;5.65;5.8;5.8;5.65;967,50K;-0,88%
30/10/18;5.7;5.65;5.75;5.65;2,56M;0,88%
31/10/18;5.975;5.75;5.975;5.75;8,57M;4,82%
01/11/18;5.925;5.975;6.0;5.75;6,36M;-0,84%
02/11/18;6.025;5.95;6.075;5.8;9,16M;1,69%
05/11/18;5.975;6.05;6.075;5.9;5,15M;-0,83%
06/11/18;5.825;6.0;6.0;5.825;6,95M;-2,51%
07/11/18;5.725;5.8;5.8;5.7;12,17M;-1,72%
08/11/18;5.975;5.75;6.0;5.75;14,68M;4,37%
09/11/18;5.775;5.95;5.95;5.725;10,56M;-3,35%
12/11/18;5.575;5.775;5.8;5.575;7,54M;-3,46%
13/11/18;5.6;5.7;5.725;5.6;6,99M;0,45%
14/11/18;5.65;5.65;5.7;5.625;7,77M;0,89%
15/11/18;5.875;5.65;5.925;5.65;9,81M;3,98%
16/11/18;5.95;5.925;6.05;5.85;18,55M;1,28%
19/11/18;5.95;5.95;5.975;5.85;5,51M;0,00%
21/11/18;6.0;5.9;6.025;5.825;7,35M;0,84%
22/11/18;6.25;6.05;6.3;6.0;10,94M;4,17%
23/11/18;6.25;6.15;6.325;6.15;7,70M;0,00%
26/11/18;6.275;6.25;6.3;6.15;3,25M;0,40%
27/11/18;6.225;6.275;6.275;6.175;2,95M;-0,80%
28/11/18;6.05;6.175;6.2;6.05;5,13M;-2,81%
29/11/18;6.4;6.1;6.4;6.1;17,06M;5,79%
30/11/18;6.6;6.425;6.6;6.35;21,05M;3,13%
03/12/18;6.65;6.65;6.75;6.5;11,64M;0,76%
04/12/18;6.625;6.7;6.7;6.55;10,22M;-0,38%
05/12/18;6.575;6.5;6.575;6.45;8,84M;-0,75%
06/12/18;6.675;6.575;6.725;6.525;9,98M;1,52%
07/12/18;6.7;6.725;6.75;6.65;4,69M;0,37%
10/12/18;6.525;6.575;6.625;6.5;5,46M;-2,61%
11/12/18;6.575;6.525;6.6;6.4;7,86M;0,77%
12/12/18;6.725;6.5;6.75;6.5;11,80M;2,28%
13/12/18;6.9;6.8;7.025;6.8;18,25M;2,60%
14/12/18;7.075;6.9;7.125;6.85;16,12M;2,54%
17/12/18;6.975;7.05;7.1;6.925;10,26M;-1,41%
18/12/18;7.075;6.975;7.15;6.85;9,17M;1,43%
19/12/18;7.3;7.075;7.3;7.075;21,25M;3,18%
20/12/18;7.35;7.275;7.375;7.15;16,59M;0,68%
21/12/18;7.5;7.275;7.55;7.25;20,14M;2,04%
26/12/18;7.375;7.4;7.4;7.275;6,95M;-1,67%
27/12/18;7.45;7.4;7.5;7.35;7,93M;1,02%
28/12/18;7.45;7.45;7.475;7.35;5,66M;0,00%
02/01/19;7.275;7.425;7.45;7.25;2,11M;-2,35%
03/01/19;7.475;7.325;7.5;7.325;7,40M;2,75%
04/01/19;7.425;7.4;7.575;7.35;6,55M;-0,67%
07/01/19;7.425;7.5;7.65;7.4;8,39M;0,00%
08/01/19;7.3;7.425;7.575;7.3;7,25M;-1,68%
09/01/19;7.325;7.375;7.4;7.275;9,37M;0,34%
10/01/19;7.45;7.275;7.45;7.2;10,03M;1,71%
11/01/19;7.475;7.475;7.5;7.375;7,31M;0,34%
14/01/19;7.4;7.4;7.45;7.375;4,96M;-1,00%
15/01/19;7.5;7.4;7.5;7.325;7,32M;1,35%
16/01/19;7.5;7.475;7.525;7.375;11,51M;0,00%
17/01/19;7.5;7.4;7.525;7.4;9,13M;0,00%
18/01/19;7.5;7.525;7.55;7.425;10,22M;0,00%
21/01/19;7.5;7.55;7.55;7.475;7,27M;0,00%
22/01/19;7.575;7.575;7.575;7.5;10,25M;1,00%
23/01/19;7.65;7.575;7.675;7.5;9,81M;0,99%
24/01/19;7.775;7.7;7.825;7.625;13,76M;1,63%
25/01/19;7.85;7.825;7.85;7.775;6,86M;0,96%
28/01/19;7.7;7.875;7.9;7.525;8,11M;-1,91%
29/01/19;7.7;7.625;7.725;7.5;6,99M;0,00%
30/01/19;7.7;7.575;7.7;7.525;11,43M;0,00%
31/01/19;7.75;7.65;7.75;7.6;15,05M;0,65%
01/02/19;7.775;7.625;7.8;7.625;12,59M;0,32%
04/02/19;7.6;7.775;7.8;7.525;13,32M;-2,25%
06/02/19;7.65;7.65;7.725;7.6;11,89M;0,66%
07/02/19;7.6;7.6;7.675;7.55;9,94M;-0,65%
08/02/19;7.7;7.6;7.725;7.55;10,00M;1,32%
11/02/19;7.75;7.75;7.75;7.65;5,87M;0,65%
12/02/19;7.6;7.8;7.8;7.425;8,76M;-1,94%
13/02/19;7.6;7.6;7.7;7.6;9,77M;0,00%
14/02/19;7.55;7.6;7.625;7.55;6,12M;-0,66%
15/02/19;7.425;7.6;7.6;7.425;4,94M;-1,66%
18/02/19;7.625;7.575;7.65;7.55;3,94M;2,69%
19/02/19;7.5;7.65;7.65;7.475;2,29M;-1,64%
20/02/19;7.5;7.525;7.575;7.425;6,40M;0,00%
21/02/19;7.55;7.475;7.6;7.475;5,10M;0,67%
22/02/19;7.625;7.475;7.625;7.475;6,67M;0,99%
25/02/19;7.6;7.625;7.65;7.575;3,94M;-0,33%
26/02/19;7.6;7.6;7.65;7.5;4,70M;0,00%
27/02/19;7.475;7.525;7.575;7.4;6,56M;-1,64%
28/02/19;7.075;7.425;7.425;7.025;18,12M;-5,35%
01/03/19;7.3;7.1;7.375;7.075;15,76M;3,18%
04/03/19;7.375;7.375;7.375;7.225;4,13M;1,03%
05/03/19;7.15;7.375;7.375;7.15;5,52M;-3,05%
06/03/19;7.2;7.1;7.2;7.075;7,00M;0,70%
08/03/19;7.25;7.2;7.3;7.125;4,01M;0,69%
11/03/19;7.15;7.175;7.2;7.125;3,95M;-1,38%
12/03/19;7.1;7.15;7.25;7.05;6,40M;-0,70%
13/03/19;7.175;7.075;7.2;7.0;5,83M;1,06%
14/03/19;7.075;7.225;7.225;7.05;5,30M;-1,39%
15/03/19;7.175;7.125;7.25;7.075;15,58M;1,41%
18/03/19;7.225;7.175;7.25;7.1;4,68M;0,70%
19/03/19;7.3;7.25;7.3;7.2;5,46M;1,04%
20/03/19;7.275;7.35;7.35;7.2;4,50M;-0,34%
21/03/19;7.3;7.275;7.35;7.175;4,44M;0,34%
22/03/19;7.4;7.3;7.4;7.25;3,71M;1,37%
25/03/19;6.775;7.35;7.35;6.675;44,34M;-8,45%
26/03/19;6.9;6.85;6.925;6.8;16,05M;1,85%
27/03/19;6.55;6.9;6.925;6.55;29,27M;-5,07%
28/03/19;6.575;6.6;6.675;6.55;13,70M;0,38%
29/03/19;6.375;6.575;6.6;6.375;24,33M;-3,04%
01/04/19;6.275;6.375;6.4;6.25;14,80M;-1,57%
02/04/19;6.225;6.3;6.325;6.125;12,94M;-0,80%
04/04/19;6.425;6.25;6.475;6.25;14,70M;3,21%
05/04/19;6.475;6.475;6.525;6.425;11,06M;0,78%
08/04/19;6.5;6.525;6.525;6.325;8,12M;0,39%
09/04/19;6.55;6.5;6.575;6.45;6,00M;0,77%
10/04/19;6.525;6.575;6.575;6.425;8,19M;-0,38%
11/04/19;6.175;6.4;6.4;6.1;26,70M;-5,36%
12/04/19;6.325;6.15;6.4;6.15;18,94M;2,43%
15/04/19;6.4;6.325;6.5;6.25;18,83M;1,19%
16/04/19;6.45;6.45;6.5;6.375;7,86M;0,78%
18/04/19;6.275;6.6;6.65;6.275;20,28M;-2,71%
22/04/19;6.25;6.275;6.35;6.175;7,07M;-0,40%
23/04/19;6.35;6.25;6.375;6.25;5,28M;1,60%
24/04/19;6.325;6.4;6.4;6.3;4,96M;-0,39%
25/04/19;6.25;6.35;6.35;6.2;7,54M;-1,19%
26/04/19;6.4;6.275;6.4;6.2;5,75M;2,40%
29/04/19;6.425;6.4;6.425;6.35;4,71M;0,39%
30/04/19;6.95;6.55;7.0;6.55;50,60M;8,17%
02/05/19;7.0;6.95;7.075;6.8;17,41M;0,72%
03/05/19;6.8;7.0;7.025;6.7;10,74M;-2,86%
06/05/19;6.775;6.6;6.8;6.55;3,46M;-0,37%
07/05/19;6.85;6.85;6.875;6.725;6,34M;1,11%
08/05/19;6.75;6.675;6.85;6.675;7,03M;-1,46%
09/05/19;6.625;6.625;6.7;6.55;9,14M;-1,85%
10/05/19;6.65;6.7;6.75;6.6;8,68M;0,38%
13/05/19;6.4;6.65;6.725;6.4;8,87M;-3,76%
14/05/19;6.375;6.15;6.425;6.15;14,28M;-0,39%
15/05/19;6.25;6.375;6.4;6.25;8,57M;-1,96%
16/05/19;6.1;6.175;6.3;6.1;7,60M;-2,40%
17/05/19;6.0;6.175;6.2;6.0;6,89M;-1,64%
20/05/19;6.225;6.15;6.225;5.85;7,42M;3,75%
21/05/19;6.25;6.225;6.325;6.2;9,65M;0,40%
22/05/19;6.25;6.25;6.325;6.175;5,87M;0,00%
23/05/19;6.4;6.375;6.45;6.3;5,31M;2,40%
24/05/19;6.3;6.4;6.4;6.3;4,28M;-1,56%
27/05/19;6.525;6.35;6.525;6.325;7,86M;3,57%
28/05/19;6.4;6.525;6.55;6.375;18,33M;-1,92%
29/05/19;6.35;6.45;6.525;6.275;8,07M;-0,78%
31/05/19;6.6;6.45;6.675;6.425;13,99M;3,94%
10/06/19;6.9;6.75;6.975;6.725;16,93M;4,55%
11/06/19;7.05;7.0;7.075;6.7;14,46M;2,17%
12/06/19;7.025;7.1;7.1;6.975;9,09M;-0,35%
13/06/19;7.025;7.05;7.075;7.0;10,01M;0,00%
14/06/19;7.05;7.075;7.075;7.025;9,41M;0,36%
17/06/19;6.9;6.9;6.95;6.85;8,44M;-2,13%
18/06/19;7.05;6.975;7.075;6.925;11,93M;2,17%
19/06/19;7.05;7.1;7.1;7.0;4,30M;0,00%
20/06/19;7.0;7.125;7.15;7.0;6,89M;-0,71%
21/06/19;7.075;7.05;7.125;6.85;15,62M;1,07%
24/06/19;7.05;7.075;7.075;7.0;3,91M;-0,35%
25/06/19;6.975;7.075;7.075;6.95;3,58M;-1,06%
26/06/19;6.95;7.025;7.025;6.875;4,21M;-0,36%
27/06/19;7.0;7.0;7.075;6.925;5,64M;0,72%
28/06/19;7.025;7.0;7.1;7.0;4,51M;0,36%
01/07/19;7.075;7.025;7.075;7.0;3,77M;0,71%
02/07/19;7.125;7.1;7.15;7.05;6,25M;0,71%
03/07/19;7.1;7.15;7.15;6.95;4,85M;-0,35%
04/07/19;7.05;7.1;7.1;7.0;1,38M;-0,70%
05/07/19;7.0;7.025;7.075;6.925;3,08M;-0,71%
08/07/19;6.925;6.925;6.975;6.875;2,06M;-1,07%
09/07/19;6.85;6.9;6.975;6.85;4,42M;-1,08%
10/07/19;6.9;6.85;6.925;6.825;7,38M;0,73%
11/07/19;6.85;6.925;6.95;6.8;7,88M;-0,72%
12/07/19;6.775;6.825;6.9;6.775;5,88M;-1,09%
15/07/19;6.775;6.85;6.9;6.75;6,39M;0,00%
16/07/19;6.9;6.825;6.95;6.8;10,01M;1,85%
17/07/19;6.975;6.925;7.05;6.9;12,99M;1,09%
18/07/19;7.05;7.0;7.1;6.975;8,58M;1,08%
19/07/19;7.05;7.1;7.1;6.975;5,08M;0,00%
22/07/19;6.95;7.05;7.075;6.95;3,39M;-1,42%
23/07/19;7.075;7.0;7.075;6.975;8,50M;1,80%
24/07/19;6.95;7.0;7.05;6.925;3,57M;-1,77%
25/07/19;6.975;7.0;7.025;6.95;6,63M;0,36%
26/07/19;6.675;6.95;6.975;6.675;9,45M;-4,30%
29/07/19;6.9;6.725;6.9;6.725;4,44M;3,37%
30/07/19;6.9;6.9;7.0;6.8;5,03M;0,00%
31/07/19;7.075;6.9;7.125;6.9;19,17M;2,54%
01/08/19;7.225;7.1;7.25;7.1;18,33M;2,12%
02/08/19;7.075;7.125;7.15;7.05;10,27M;-2,08%
05/08/19;7.05;7.05;7.175;6.975;12,61M;-0,35%
06/08/19;7.05;6.975;7.125;6.9;10,65M;0,00%
07/08/19;7.2;7.05;7.3;7.05;17,23M;2,13%
08/08/19;7.425;7.3;7.5;7.275;20,69M;3,13%
09/08/19;7.475;7.5;7.525;7.35;8,00M;0,67%
12/08/19;7.525;7.5;7.525;7.45;4,50M;0,67%
13/08/19;7.4;7.525;7.525;7.3;11,27M;-1,66%
14/08/19;7.45;7.4;7.475;7.4;5,87M;0,68%
15/08/19;7.575;7.4;7.575;7.325;7,64M;1,68%
16/08/19;7.575;7.6;7.625;7.5;5,54M;0,00%
19/08/19;7.675;7.6;7.675;7.575;8,25M;1,32%
20/08/19;7.775;7.675;7.775;7.675;9,98M;1,30%
21/08/19;7.7;7.8;7.825;7.6;6,44M;-0,96%
22/08/19;7.6;7.75;7.75;7.5;7,39M;-1,30%
23/08/19;7.775;7.35;7.775;7.35;7,15M;2,30%
26/08/19;7.725;7.525;7.775;7.5;5,71M;-0,64%
27/08/19;7.75;7.675;7.75;7.5;13,19M;0,32%
28/08/19;7.75;7.75;7.8;7.7;7,96M;0,00%
29/08/19;7.825;7.7;7.85;7.7;11,70M;0,97%
30/08/19;7.925;7.825;7.925;7.775;9,89M;1,28%
02/09/19;8.0;7.95;8.025;7.8;9,37M;0,95%
03/09/19;8.0;8.0;8.05;7.975;7,71M;0,00%
04/09/19;7.925;8.0;8.025;7.9;9,32M;-0,94%
05/09/19;8.025;7.9;8.025;7.75;7,31M;1,26%
06/09/19;7.975;8.025;8.025;7.9;5,36M;-0,62%
09/09/19;8.0;8.0;8.0;7.825;4,15M;0,31%
10/09/19;7.95;8.0;8.0;7.9;4,58M;-0,63%
11/09/19;7.75;7.9;7.9;7.575;11,40M;-2,52%
12/09/19;7.55;7.75;7.75;7.55;6,98M;-2,58%
13/09/19;7.5;7.5;7.575;7.45;6,77M;-0,66%
16/09/19;7.75;7.5;7.75;7.5;5,11M;3,33%
17/09/19;7.775;7.7;7.825;7.675;4,80M;0,32%
18/09/19;7.875;7.8;7.875;7.8;2,63M;1,29%
19/09/19;7.875;7.9;7.925;7.875;6,53M;0,00%
20/09/19;7.7;7.725;7.85;7.675;13,74M;-2,22%
23/09/19;7.65;7.7;7.775;7.625;2,78M;-0,65%
24/09/19;7.6;7.6;7.625;7.55;3,60M;-0,65%
25/09/19;7.625;7.525;7.625;7.525;3,97M;0,33%
26/09/19;7.725;7.6;7.75;7.6;4,45M;1,31%
27/09/19;7.825;7.675;7.825;7.65;5,46M;1,29%
30/09/19;7.7;7.825;7.825;7.65;6,61M;-1,60%
01/10/19;7.625;7.625;7.7;7.625;5,20M;-0,97%
02/10/19;7.675;7.625;7.7;7.6;2,69M;0,66%
03/10/19;7.675;7.7;7.725;7.625;5,71M;0,00%
04/10/19;7.85;7.75;7.85;7.725;3,45M;2,28%
07/10/19;7.7;7.85;7.9;7.625;3,31M;-1,91%
08/10/19;7.775;7.75;7.9;7.7;5,19M;0,97%
09/10/19;7.8;7.775;7.9;7.775;4,20M;0,32%
10/10/19;7.65;7.8;7.825;7.625;10,38M;-1,92%
11/10/19;7.65;7.6;7.7;7.575;4,37M;0,00%
14/10/19;7.7;7.7;7.75;7.575;4,50M;0,65%
15/10/19;7.6;7.725;7.75;7.6;7,25M;-1,30%
16/10/19;7.575;7.5;7.725;7.45;8,01M;-0,33%
17/10/19;7.65;7.6;7.675;7.575;6,39M;0,99%
18/10/19;7.55;7.6;7.65;7.4;7,12M;-1,31%
21/10/19;7.475;7.55;7.65;7.475;4,54M;-0,99%
22/10/19;7.375;7.45;7.475;7.275;11,59M;-1,34%
23/10/19;7.55;7.4;7.55;7.375;9,84M;2,37%
24/10/19;7.65;7.6;7.65;7.575;8,18M;1,32%
25/10/19;7.55;7.675;7.7;7.5;9,75M;-1,31%
28/10/19;7.7;7.6;7.7;7.55;4,39M;1,99%
29/10/19;7.5;7.6;7.675;7.5;7,54M;-2,60%
30/10/19;7.6;7.6;7.6;7.525;5,00M;1,33%
31/10/19;7.7;7.6;7.8;7.525;9,58M;1,32%
01/11/19;7.75;7.7;7.775;7.525;3,25M;0,65%
04/11/19;7.8;7.8;7.85;7.7;7,75M;0,65%
05/11/19;8.0;7.8;8.0;7.7;11,22M;2,56%
06/11/19;7.875;7.8;7.9;7.75;8,83M;-1,56%
07/11/19;7.75;7.85;7.875;7.6;8,63M;-1,59%
08/11/19;7.75;7.625;7.775;7.6;3,50M;0,00%
11/11/19;7.925;7.75;7.925;7.75;5,01M;2,26%
12/11/19;7.825;7.925;7.95;7.75;6,41M;-1,26%
13/11/19;7.775;7.8;7.825;7.75;4,59M;-0,64%
14/11/19;7.7;7.8;7.8;7.625;5,52M;-0,96%
15/11/19;7.875;7.75;7.9;7.725;5,74M;2,27%
18/11/19;7.975;7.875;8.0;7.85;5,87M;1,27%
19/11/19;7.95;7.95;7.975;7.8;3,96M;-0,31%
20/11/19;8.0;7.85;8.0;7.8;3,21M;0,63%
21/11/19;7.95;8.0;8.0;7.875;9,69M;-0,63%
22/11/19;7.925;7.925;7.975;7.875;7,58M;-0,31%
25/11/19;7.95;7.925;7.95;7.85;7,78M;0,32%
26/11/19;7.95;8.0;8.0;7.8;18,47M;0,00%
27/11/19;7.95;7.95;7.975;7.9;3,53M;0,00%
28/11/19;7.925;7.95;8.0;7.875;4,60M;-0,31%
29/11/19;7.95;7.8;7.95;7.725;5,13M;0,32%
02/12/19;8.0;8.0;8.0;7.875;7,47M;0,63%
03/12/19;7.95;8.0;8.0;7.925;7,43M;-0,63%
04/12/19;7.85;7.875;7.95;7.85;4,19M;-1,26%
05/12/19;7.875;7.85;7.95;7.85;5,74M;0,32%
06/12/19;8.0;7.875;8.025;7.875;8,39M;1,59%
09/12/19;8.025;8.0;8.05;7.9;8,36M;0,31%
10/12/19;7.95;8.0;8.05;7.95;6,17M;-0,93%
11/12/19;7.85;8.0;8.0;7.85;4,54M;-1,26%
12/12/19;7.625;7.85;7.875;7.625;11,77M;-2,87%
13/12/19;7.75;7.775;7.775;7.65;5,81M;1,64%
16/12/19;7.875;7.75;7.875;7.75;4,86M;1,61%
17/12/19;7.95;7.9;7.95;7.85;6,21M;0,95%
18/12/19;7.95;7.975;7.975;7.9;8,30M;0,00%
19/12/19;7.925;7.95;7.95;7.8;4,55M;-0,31%
20/12/19;7.925;7.85;7.925;7.8;10,54M;0,00%
23/12/19;7.95;8.0;8.05;7.9;5,10M;0,32%
26/12/19;7.8;7.85;7.95;7.8;5,72M;-1,89%
27/12/19;7.925;7.825;7.925;7.8;6,02M;1,60%
30/12/19;7.925;7.9;7.95;7.9;5,32M;0,00%
02/01/20;7.975;7.925;8.0;7.825;5,26M;0,63%
03/01/20;8.025;7.975;8.025;7.95;7,68M;0,63%
06/01/20;8.0;7.9;8.025;7.875;5,14M;-0,31%
07/01/20;8.2;8.0;8.2;7.975;7,51M;2,50%
08/01/20;8.225;8.15;8.225;8.1;7,76M;0,30%
09/01/20;8.25;8.25;8.25;8.175;5,89M;0,30%
10/01/20;8.25;8.25;8.25;8.2;6,47M;0,00%
13/01/20;8.15;8.175;8.225;8.1;5,18M;-1,21%
14/01/20;8.125;8.125;8.175;8.075;6,55M;-0,31%
15/01/20;8.05;8.175;8.3;8.0;13,12M;-0,92%
16/01/20;8.175;8.05;8.175;8.025;7,23M;1,55%
17/01/20;8.25;8.175;8.25;8.15;7,38M;0,92%
20/01/20;8.25;8.25;8.275;8.225;11,31M;0,00%
21/01/20;8.25;8.2;8.275;8.15;12,01M;0,00%
22/01/20;8.05;8.125;8.275;8.05;8,11M;-2,42%
23/01/20;8.15;8.125;8.175;8.1;4,75M;1,24%
24/01/20;8.2;8.075;8.25;8.075;2,38M;0,61%
27/01/20;8.125;8.175;8.25;8.1;4,16M;-0,91%
28/01/20;8.125;8.1;8.175;7.925;5,37M;0,00%
29/01/20;7.925;8.075;8.125;7.9;3,67M;-2,46%
30/01/20;7.9;7.975;8.025;7.9;4,87M;-0,32%
31/01/20;7.825;7.95;7.95;7.8;10,19M;-0,95%
03/02/20;7.675;7.725;7.75;7.6;6,49M;-1,92%
04/02/20;7.75;7.7;7.8;7.7;5,25M;0,98%
05/02/20;7.75;7.75;7.775;7.725;5,38M;0,00%
06/02/20;7.7;7.8;7.85;7.7;4,35M;-0,65%
07/02/20;7.85;7.675;7.875;7.675;4,83M;1,95%
10/02/20;7.75;7.85;7.85;7.725;4,00M;-1,27%
11/02/20;7.675;7.825;7.825;7.65;7,95M;-0,97%
12/02/20;7.0;7.6;7.6;6.925;25,89M;-8,79%
13/02/20;7.0;7.0;7.125;6.875;11,58M;0,00%
14/02/20;7.15;7.025;7.2;7.025;4,84M;2,14%
17/02/20;7.15;7.1;7.2;7.1;3,34M;0,00%
18/02/20;7.1;7.1;7.175;7.1;5,89M;-0,70%
19/02/20;7.05;7.15;7.175;7.0;5,25M;-0,70%
20/02/20;7.3;7.1;7.375;7.05;10,62M;3,55%
21/02/20;7.2;7.3;7.325;7.125;6,99M;-1,37%
24/02/20;7.2;7.0;7.225;7.0;6,97M;0,00%
25/02/20;7.225;7.2;7.3;7.1;6,13M;0,35%
26/02/20;7.025;7.2;7.275;7.0;9,43M;-2,77%
27/02/20;6.9;7.05;7.175;6.8;5,44M;-1,78%
28/02/20;6.5;6.7;6.7;6.375;13,28M;-5,80%
02/03/20;6.675;6.6;6.975;6.5;14,02M;2,69%
03/03/20;7.125;6.7;7.275;6.7;8,92M;6,74%
04/03/20;7.175;7.1;7.25;7.05;8,99M;0,70%
05/03/20;7.2;7.25;7.3;7.125;4,04M;0,35%
06/03/20;6.95;7.15;7.15;6.95;5,74M;-3,47%
09/03/20;6.375;6.65;6.8;6.35;10,55M;-8,27%
10/03/20;6.75;6.375;6.9;6.375;10,17M;5,88%
11/03/20;6.8;6.75;6.8;6.525;5,83M;0,74%
12/03/20;6.65;6.7;6.75;6.525;7,29M;-2,21%
13/03/20;6.9;6.55;7.25;6.2;21,04M;3,76%
16/03/20;6.425;6.9;7.0;6.425;13,69M;-6,88%
17/03/20;6.125;6.425;6.5;6.0;11,76M;-4,67%
18/03/20;6.075;6.25;6.3;5.9;9,85M;-0,82%
19/03/20;5.65;6.0;6.0;5.65;5,99M;-7,00%
20/03/20;5.75;5.65;6.025;5.275;31,47M;1,77%
23/03/20;5.35;5.75;5.75;5.35;7,77M;-6,96%
24/03/20;5.05;5.35;5.6;5.0;16,41M;-5,61%
26/03/20;5.975;5.35;6.05;5.25;22,19M;18,32%
27/03/20;6.8;6.05;6.8;6.05;26,79M;13,81%
30/03/20;6.35;6.55;6.55;6.325;10,48M;-6,62%
31/03/20;6.35;6.55;6.825;6.35;23,83M;0,00%
01/04/20;6.35;6.35;6.55;6.275;16,00M;0,00%
02/04/20;6.8;6.1;6.875;6.05;12,75M;7,09%
03/04/20;6.6;6.925;6.925;6.475;12,29M;-2,94%
06/04/20;6.725;6.7;6.85;6.6;12,46M;1,89%
07/04/20;6.525;6.75;6.875;6.45;14,20M;-2,97%
08/04/20;6.25;6.525;6.525;6.125;12,76M;-4,21%
09/04/20;6.375;6.25;6.5;6.2;10,66M;2,00%
13/04/20;6.4;6.4;6.475;6.3;6,01M;0,39%
14/04/20;6.45;6.4;6.55;6.4;7,46M;0,78%
15/04/20;6.425;6.5;6.55;6.375;12,52M;-0,39%
16/04/20;6.05;6.4;6.4;6.05;13,44M;-5,84%
17/04/20;6.25;6.2;6.3;6.075;11,21M;3,31%
20/04/20;6.225;6.25;6.425;6.175;8,95M;-0,40%
21/04/20;6.275;6.2;6.4;6.175;6,47M;0,80%
22/04/20;6.3;6.2;6.45;6.175;9,01M;0,40%
23/04/20;6.525;6.4;6.575;6.3;10,05M;3,57%
24/04/20;6.325;6.525;6.575;6.3;7,32M;-3,07%
27/04/20;6.3;6.45;6.475;6.275;4,30M;-0,40%
28/04/20;6.475;6.3;6.525;6.3;6,78M;2,78%
29/04/20;6.675;6.5;6.725;6.475;10,00M;3,09%
30/04/20;6.525;6.675;6.8;6.525;10,00M;-2,25%
04/05/20;6.6;6.5;6.725;6.325;10,89M;1,15%
05/05/20;6.525;6.7;6.7;6.525;4,47M;-1,14%
06/05/20;6.5;6.525;6.65;6.45;4,65M;-0,38%
08/05/20;6.625;6.6;6.7;6.5;9,17M;1,92%
11/05/20;6.525;6.7;6.725;6.525;6,01M;-1,51%
12/05/20;6.325;6.55;6.575;6.3;9,52M;-3,07%
13/05/20;6.325;6.3;6.4;6.2;6,38M;0,00%
14/05/20;6.575;6.325;6.6;6.3;10,18M;3,95%
15/05/20;6.575;6.625;6.65;6.475;6,82M;0,00%
18/05/20;6.5;6.575;6.65;6.475;7,22M;-1,14%
19/05/20;6.75;6.575;6.75;6.55;7,36M;3,85%
20/05/20;6.425;6.75;6.75;6.3;14,40M;-4,81%
26/05/20;6.0;6.425;6.425;6.0;17,47M;-6,61%
27/05/20;5.6;6.025;6.025;5.6;17,65M;-6,67%
28/05/20;5.675;5.4;6.05;5.225;81,13M;1,34%
29/05/20;5.75;5.7;5.925;5.6;54,63M;1,32%
02/06/20;6.025;5.8;6.175;5.8;35,35M;4,78%
03/06/20;6.2;6.075;6.275;6.025;24,00M;2,90%
04/06/20;6.15;6.2;6.3;6.1;19,46M;-0,81%
05/06/20;6.15;6.15;6.15;6.05;13,87M;0,00%
08/06/20;6.2;6.2;6.225;6.125;22,63M;0,81%
09/06/20;6.3;6.2;6.475;6.2;29,25M;1,61%
10/06/20;6.15;6.325;6.4;6.1;11,63M;-2,38%
11/06/20;6.1;6.05;6.175;6.025;12,51M;-0,81%
12/06/20;6.1;6.1;6.1;5.9;9,72M;0,00%
15/06/20;6.2;6.1;6.375;6.075;16,21M;1,64%
16/06/20;6.4;6.3;6.4;6.275;15,70M;3,23%
17/06/20;6.55;6.4;6.55;6.4;15,53M;2,34%
18/06/20;6.475;6.525;6.55;6.45;11,35M;-1,15%
19/06/20;6.575;6.475;6.575;6.45;11,84M;1,54%
22/06/20;6.575;6.575;6.675;6.5;10,16M;0,00%
23/06/20;6.425;6.575;6.575;6.425;6,37M;-2,28%
24/06/20;6.525;6.425;6.55;6.425;5,96M;1,56%
25/06/20;6.375;6.525;6.525;6.375;6,44M;-2,30%
26/06/20;6.675;6.45;6.675;6.425;11,51M;4,71%
29/06/20;6.75;6.65;6.75;6.525;7,60M;1,12%
30/06/20;6.525;6.75;6.8;6.525;13,64M;-3,33%
01/07/20;6.55;6.5;6.6;6.475;10,71M;0,38%
02/07/20;6.575;6.575;6.6;6.475;11,91M;0,38%
03/07/20;6.675;6.6;6.675;6.575;9,54M;1,52%
06/07/20;6.625;6.675;6.75;6.6;3,13M;-0,75%
07/07/20;6.575;6.65;6.65;6.4;6,93M;-0,75%
08/07/20;6.625;6.55;6.625;6.525;4,22M;0,76%
09/07/20;6.55;6.65;6.675;6.55;9,46M;-1,13%
10/07/20;6.5;6.55;6.575;6.5;7,99M;-0,76%
13/07/20;6.575;6.5;6.625;6.5;6,62M;1,15%
14/07/20;6.6;6.575;6.625;6.5;8,19M;0,38%
15/07/20;6.525;6.65;6.65;6.5;9,12M;-1,14%
16/07/20;6.625;6.6;6.75;6.6;23,74M;1,53%
17/07/20;6.55;6.7;6.7;6.525;23,96M;-1,13%
20/07/20;6.6;6.575;6.75;6.55;21,60M;0,76%
21/07/20;6.675;6.65;6.725;6.625;14,06M;1,14%
22/07/20;6.675;6.725;6.8;6.65;14,45M;0,00%
23/07/20;6.725;6.675;6.725;6.65;21,20M;0,75%
24/07/20;6.475;6.525;6.525;6.45;13,20M;-3,72%
27/07/20;6.475;6.5;6.525;6.45;6,30M;0,00%
28/07/20;6.425;6.5;6.5;6.4;9,56M;-0,77%
29/07/20;6.4;6.425;6.45;6.35;7,94M;-0,39%
30/07/20;6.45;6.5;6.5;6.4;10,51M;0,78%
03/08/20;6.475;6.475;6.55;6.3;12,46M;0,39%
04/08/20;6.75;6.65;6.8;6.5;45,56M;4,25%
05/08/20;7.075;6.75;7.1;6.75;29,37M;4,81%
06/08/20;7.025;7.1;7.175;6.95;15,09M;-0,71%
07/08/20;6.875;7.025;7.075;6.85;11,68M;-2,14%
10/08/20;6.975;6.875;7.0;6.875;11,77M;1,45%
11/08/20;7.05;6.975;7.1;6.975;12,66M;1,08%
12/08/20;7.05;7.05;7.15;7.0;16,83M;0,00%
13/08/20;7.225;7.1;7.25;7.025;13,48M;2,48%
14/08/20;7.325;7.15;7.325;7.1;6,61M;1,38%
18/08/20;7.25;7.35;7.4;7.25;11,57M;-1,02%
19/08/20;7.2;7.25;7.3;7.175;8,55M;-0,69%
24/08/20;7.5;7.2;7.5;7.2;10,26M;4,17%
25/08/20;7.85;7.5;7.85;7.5;18,92M;4,67%
26/08/20;7.675;7.85;7.85;7.625;10,43M;-2,23%
27/08/20;7.675;7.675;7.725;7.6;7,86M;0,00%
28/08/20;7.625;7.7;7.7;7.6;7,05M;-0,65%
31/08/20;7.625;7.625;7.8;7.625;15,22M;0,00%
01/09/20;7.65;7.6;7.7;7.4;15,78M;0,33%
02/09/20;7.75;7.525;7.75;7.525;10,95M;1,31%
03/09/20;7.725;7.8;7.85;7.7;7,23M;-0,32%
04/09/20;7.6;7.7;7.7;7.5;7,58M;-1,62%
07/09/20;7.8;7.6;7.8;7.6;8,60M;2,63%
08/09/20;7.9;7.8;8.0;7.775;11,12M;1,28%
09/09/20;7.575;7.85;7.875;7.525;12,01M;-4,11%
10/09/20;7.25;7.5;7.5;7.05;17,40M;-4,29%
11/09/20;7.575;7.0;7.6;7.0;12,44M;4,48%
14/09/20;7.8;7.7;7.9;7.625;13,58M;2,97%
15/09/20;7.675;7.8;7.825;7.6;11,97M;-1,60%
16/09/20;7.6;7.625;7.675;7.575;4,78M;-0,98%
17/09/20;7.4;7.525;7.6;7.4;7,81M;-2,63%
18/09/20;7.525;7.425;7.6;7.4;12,21M;1,69%
21/09/20;7.525;7.575;7.65;7.5;6,06M;0,00%
22/09/20;7.525;7.425;7.6;7.4;5,94M;0,00%
23/09/20;7.425;7.45;7.575;7.425;6,00M;-1,33%
24/09/20;7.125;7.4;7.425;7.05;13,99M;-4,04%
25/09/20;7.125;7.125;7.2;7.075;10,59M;0,00%
28/09/20;7.0;7.15;7.2;7.0;8,87M;-1,75%
29/09/20;7.0;7.05;7.175;7.0;8,28M;0,00%
30/09/20;7.15;7.05;7.15;7.0;6,03M;2,14%
01/10/20;7.175;7.1;7.175;7.1;2,47M;0,35%
02/10/20;7.075;7.2;7.225;7.025;4,69M;-1,39%
05/10/20;7.1;7.15;7.2;7.075;2,73M;0,35%
06/10/20;7.225;7.175;7.325;7.175;7,24M;1,76%
07/10/20;7.125;7.225;7.375;7.1;8,87M;-1,38%
08/10/20;7.225;7.125;7.275;7.1;6,07M;1,40%
09/10/20;7.225;7.225;7.275;7.2;2,32M;0,00%
12/10/20;7.2;7.3;7.325;7.2;5,12M;-0,35%
13/10/20;7.25;7.225;7.25;7.075;8,05M;0,69%
14/10/20;7.125;7.225;7.25;7.1;10,28M;-1,72%
15/10/20;7.05;7.125;7.15;7.0;14,58M;-1,05%
16/10/20;7.075;7.05;7.1;7.0;10,69M;0,35%
19/10/20;7.15;7.125;7.15;7.1;3,91M;1,06%
20/10/20;7.025;7.15;7.175;7.0;8,97M;-1,75%
21/10/20;7.075;7.075;7.125;7.05;5,28M;0,71%
22/10/20;7.225;7.075;7.225;7.025;8,96M;2,12%
23/10/20;7.075;7.2;7.2;7.05;6,73M;-2,08%
26/10/20;7.075;7.075;7.1;7.025;6,50M;0,00%
27/10/20;7.0;7.05;7.075;7.0;9,45M;-1,06%
02/11/20;7.025;7.0;7.075;6.825;16,24M;0,36%
03/11/20;7.0;7.025;7.05;6.95;6,84M;-0,36%
04/11/20;6.95;7.05;7.075;6.95;7,12M;-0,71%
05/11/20;7.125;7.075;7.125;7.0;9,67M;2,52%
06/11/20;7.175;7.025;7.2;7.025;17,15M;0,70%
09/11/20;7.2;7.175;7.275;7.15;15,84M;0,35%
10/11/20;7.15;7.3;7.3;7.125;16,40M;-0,69%
11/11/20;7.05;7.1;7.225;7.025;15,18M;-1,40%
12/11/20;7.175;7.05;7.2;7.05;14,05M;1,77%
13/11/20;7.1;7.2;7.2;7.1;7,23M;-1,05%
16/11/20;7.15;7.15;7.175;7.125;8,26M;0,70%
17/11/20;7.275;7.15;7.425;7.15;19,44M;1,75%
18/11/20;7.35;7.3;7.425;7.3;12,69M;1,03%
19/11/20;7.275;7.35;7.375;7.25;8,42M;-1,02%
20/11/20;7.225;7.3;7.35;7.175;13,62M;-0,69%
23/11/20;7.275;7.3;7.3;7.225;7,56M;0,69%
24/11/20;7.25;7.35;7.35;7.225;9,55M;-0,34%
25/11/20;7.15;7.3;7.35;7.125;18,61M;-1,38%
26/11/20;7.225;7.125;7.25;7.125;6,72M;1,05%
27/11/20;7.3;7.175;7.35;7.175;11,06M;1,04%
30/11/20;7.1;7.325;7.35;7.0;41,43M;-2,74%
01/12/20;7.1;7.125;7.175;7.025;12,22M;0,00%
02/12/20;7.15;7.1;7.25;7.1;20,58M;0,70%
03/12/20;7.05;7.2;7.275;7.05;17,40M;-1,40%
04/12/20;7.025;7.075;7.1;7.0;7,08M;-0,35%
07/12/20;7.1;7.025;7.15;7.025;15,16M;1,07%
08/12/20;7.0;7.1;7.125;7.0;20,77M;-1,41%
10/12/20;6.975;7.0;7.075;6.975;24,97M;-0,36%
11/12/20;6.925;7.0;7.025;6.925;12,02M;-0,72%
14/12/20;7.025;6.925;7.025;6.9;14,94M;1,44%
15/12/20;6.9;7.025;7.05;6.85;24,50M;-1,78%
16/12/20;6.9;6.9;6.975;6.9;21,23M;0,00%
17/12/20;6.85;6.9;6.975;6.85;13,73M;-0,72%
18/12/20;6.825;6.85;6.95;6.825;18,42M;-0,36%
21/12/20;7.05;6.825;7.075;6.825;18,76M;3,30%
22/12/20;6.825;7.05;7.075;6.825;17,13M;-3,19%
23/12/20;6.8;6.875;6.925;6.7;10,92M;-0,37%
28/12/20;6.925;6.9;6.925;6.725;5,92M;1,84%
29/12/20;6.825;6.925;6.95;6.825;7,87M;-1,44%
30/12/20;6.85;6.825;6.9;6.75;13,71M;0,37%
04/01/21;6.825;6.85;6.9;6.775;6,66M;-0,36%
05/01/21;6.85;6.825;6.925;6.825;14,95M;0,37%
06/01/21;6.75;6.85;6.875;6.7;13,33M;-1,46%
07/01/21;6.775;6.75;6.825;6.75;7,03M;0,37%
08/01/21;6.8;6.775;6.825;6.75;12,86M;0,37%
11/01/21;6.75;6.8;6.825;6.75;15,47M;-0,74%
12/01/21;6.725;6.8;6.9;6.725;15,84M;-0,37%
13/01/21;6.7;6.8;6.8;6.7;13,98M;-0,37%
14/01/21;6.725;6.75;6.775;6.7;9,12M;0,37%
15/01/21;6.675;6.725;6.775;6.65;12,88M;-0,74%
18/01/21;6.85;6.675;6.85;6.65;12,87M;2,62%
19/01/21;6.8;6.9;7.025;6.8;29,86M;-0,73%
20/01/21;6.75;6.8;6.85;6.75;12,92M;-0,74%
21/01/21;6.775;6.8;6.825;6.75;7,26M;0,37%
22/01/21;6.675;6.8;6.85;6.675;12,73M;-1,48%
25/01/21;6.625;6.675;6.75;6.6;9,83M;-0,75%
26/01/21;6.575;6.625;6.725;6.55;12,60M;-0,75%
27/01/21;6.55;6.575;6.675;6.525;8,76M;-0,38%
28/01/21;6.325;6.525;6.575;6.325;11,37M;-3,44%
29/01/21;6.05;6.425;6.55;6.05;27,09M;-4,35%
01/02/21;6.25;6.1;6.275;6.0;13,54M;3,31%
02/02/21;6.325;6.3;6.475;6.25;16,94M;1,20%
03/02/21;6.3;6.375;6.45;6.3;10,66M;-0,40%
04/02/21;6.325;6.3;6.35;6.275;9,62M;0,40%
05/02/21;6.325;6.325;6.375;6.275;7,18M;0,00%
08/02/21;6.25;6.325;6.375;6.225;10,70M;-1,19%
09/02/21;6.15;6.25;6.25;6.1;16,39M;-1,60%
10/02/21;6.125;6.175;6.225;6.125;12,96M;-0,41%
11/02/21;6.3;6.125;6.3;6.125;9,09M;2,86%
15/02/21;6.15;6.325;6.35;6.15;12,53M;-2,38%
16/02/21;6.1;6.2;6.225;6.075;15,09M;-0,81%
17/02/21;6.1;6.175;6.175;6.075;5,74M;0,00%
18/02/21;6.05;6.175;6.175;6.05;8,65M;-0,82%
19/02/21;6.075;6.05;6.125;6.025;5,31M;0,41%
22/02/21;6.05;6.1;6.15;6.05;8,93M;-0,41%
23/02/21;6.05;6.075;6.1;6.0;10,87M;0,00%
24/02/21;6.1;6.1;6.2;6.075;11,68M;0,83%
25/02/21;6.125;6.175;6.175;6.1;7,50M;0,41%
26/02/21;6.05;6.125;6.15;6.05;21,12M;-1,22%
01/03/21;6.1;6.1;6.125;6.05;9,54M;0,83%
02/03/21;6.275;6.15;6.3;6.125;17,00M;2,87%
03/03/21;6.3;6.3;6.35;6.2;14,42M;0,40%
04/03/21;6.2;6.3;6.3;6.175;10,54M;-1,59%
05/03/21;6.125;6.1;6.225;6.1;10,28M;-1,21%
08/03/21;6.175;6.2;6.25;6.15;8,33M;0,82%
09/03/21;6.2;6.25;6.275;6.15;11,67M;0,40%
10/03/21;6.4;6.25;6.4;6.2;12,83M;3,23%
12/03/21;6.375;6.425;6.475;6.35;13,81M;-0,39%
15/03/21;6.4;6.4;6.45;6.375;7,74M;0,39%
16/03/21;6.4;6.45;6.475;6.4;4,45M;0,00%
17/03/21;6.35;6.475;6.475;6.35;5,49M;-0,78%
18/03/21;6.3;6.4;6.425;6.3;9,92M;-0,79%
19/03/21;6.5;6.3;6.5;6.275;18,92M;3,17%
22/03/21;6.35;6.5;6.55;6.325;12,60M;-2,31%
23/03/21;6.675;6.525;6.75;6.525;30,64M;5,12%
24/03/21;6.725;6.675;6.725;6.575;14,82M;0,75%
25/03/21;6.625;6.725;6.75;6.5;15,25M;-1,49%
26/03/21;6.75;6.65;6.775;6.55;14,47M;1,89%
29/03/21;6.8;6.775;6.8;6.675;8,71M;0,74%
30/03/21;6.7;6.8;6.825;6.625;8,01M;-1,47%
31/03/21;6.6;6.725;6.725;6.425;14,08M;-1,49%
01/04/21;6.725;6.6;6.75;6.525;10,40M;1,89%
05/04/21;6.65;6.8;6.8;6.65;8,38M;-1,12%
06/04/21;6.75;6.725;6.775;6.625;7,04M;1,50%
07/04/21;6.775;6.8;6.8;6.675;4,63M;0,37%
08/04/21;6.675;6.7;6.75;6.65;6,32M;-1,48%
09/04/21;6.6;6.65;6.7;6.6;5,95M;-1,12%
12/04/21;6.6;6.6;6.7;6.525;8,46M;0,00%
13/04/21;6.575;6.625;6.65;6.525;7,91M;-0,38%
14/04/21;6.575;6.6;6.625;6.55;2,74M;0,00%
15/04/21;6.65;6.55;6.65;6.5;4,07M;1,14%
16/04/21;6.7;6.625;6.75;6.575;8,02M;0,75%
19/04/21;6.75;6.75;6.775;6.675;6,46M;0,75%
20/04/21;6.75;6.7;6.75;6.675;4,49M;0,00%
21/04/21;6.775;6.725;6.8;6.7;5,96M;0,37%
22/04/21;6.675;6.8;6.8;6.675;5,35M;-1,48%
23/04/21;6.75;6.675;6.75;6.65;4,75M;1,12%
26/04/21;6.675;6.75;6.75;6.65;5,72M;-1,11%
27/04/21;6.525;6.65;6.7;6.525;6,43M;-2,25%
28/04/21;6.675;6.55;6.675;6.525;4,38M;2,30%
29/04/21;6.525;6.675;6.675;6.525;7,82M;-2,25%
30/04/21;6.525;6.575;6.6;6.5;4,43M;0,00%
03/05/21;6.475;6.525;6.55;6.45;5,69M;-0,77%
04/05/21;6.575;6.5;6.575;6.45;2,92M;1,54%
05/05/21;6.5;6.6;6.6;6.5;3,23M;-1,14%
06/05/21;6.55;6.525;6.575;6.5;3,75M;0,77%
07/05/21;6.5;6.5;6.575;6.5;3,54M;-0,76%
10/05/21;6.575;6.525;6.65;6.525;7,85M;1,15%
11/05/21;6.575;6.575;6.65;6.525;7,53M;0,00%
17/05/21;6.35;6.6;6.625;6.325;12,92M;-3,42%
18/05/21;6.375;6.35;6.45;6.35;5,18M;0,39%
19/05/21;6.375;6.375;6.45;6.35;6,07M;0,00%
20/05/21;6.375;6.4;6.475;6.3;6,55M;0,00%
21/05/21;6.35;6.375;6.425;6.325;4,55M;-0,39%
24/05/21;6.275;6.35;6.35;6.225;6,65M;-1,18%
25/05/21;6.3;6.275;6.325;6.225;9,22M;0,40%
27/05/21;6.25;6.325;6.375;6.25;19,38M;-0,79%
28/05/21;6.225;6.225;6.3;6.125;11,13M;-0,40%
31/05/21;6.35;6.225;6.35;6.2;7,28M;2,01%
02/06/21;6.45;6.4;6.475;6.375;8,31M;1,57%
03/06/21;6.675;6.45;6.675;6.4;9,23M;3,49%
04/06/21;6.575;6.6;6.625;6.45;7,80M;-1,50%
07/06/21;6.575;6.575;6.575;6.4;5,81M;0,00%
08/06/21;6.375;6.525;6.55;6.375;5,82M;-3,04%
09/06/21;6.275;6.375;6.375;6.25;8,71M;-1,57%
10/06/21;6.25;6.275;6.325;6.25;7,50M;-0,40%
11/06/21;6.275;6.3;6.325;6.25;5,35M;0,40%
14/06/21;6.275;6.3;6.325;6.25;1,77M;0,00%
15/06/21;6.25;6.275;6.3;6.25;6,21M;-0,40%
16/06/21;6.275;6.25;6.375;6.25;3,88M;0,40%
17/06/21;6.25;6.275;6.3;6.225;3,62M;-0,40%
18/06/21;5.975;6.25;6.25;5.975;31,61M;-4,40%
21/06/21;6.025;5.75;6.1;5.75;7,92M;0,84%
22/06/21;6.175;6.075;6.275;6.075;7,01M;2,49%
23/06/21;6.025;6.175;6.225;6.025;8,02M;-2,43%
24/06/21;5.975;6.025;6.05;5.925;7,56M;-0,83%
25/06/21;6.05;5.975;6.15;5.975;4,98M;1,26%
28/06/21;6.0;6.05;6.1;6.0;4,36M;-0,83%
29/06/21;6.225;6.025;6.25;6.0;11,01M;3,75%
30/06/21;6.175;6.225;6.25;6.15;6,06M;-0,80%
01/07/21;6.55;6.3;6.6;6.3;25,77M;6,07%
02/07/21;6.575;6.6;6.65;6.475;13,18M;0,38%
05/07/21;6.45;6.575;6.65;6.4;9,41M;-1,90%
06/07/21;6.45;6.5;6.5;6.4;5,96M;0,00%
07/07/21;6.45;6.475;6.575;6.425;8,76M;0,00%
08/07/21;6.425;6.45;6.525;6.425;6,33M;-0,39%
09/07/21;6.475;6.425;6.575;6.375;6,74M;0,78%
12/07/21;6.6;6.5;6.625;6.5;6,03M;1,93%
13/07/21;6.625;6.6;6.7;6.575;9,46M;0,38%
14/07/21;6.625;6.625;6.625;6.525;9,08M;0,00%
15/07/21;6.675;6.65;6.7;6.575;6,07M;0,75%
16/07/21;6.625;6.675;6.7;6.525;5,58M;-0,75%
19/07/21;6.65;6.625;6.675;6.55;6,57M;0,38%
21/07/21;6.525;6.65;6.675;6.5;8,85M;-1,88%
22/07/21;6.525;6.525;6.575;6.475;6,29M;0,00%
23/07/21;6.475;6.525;6.575;6.45;6,50M;-0,77%
26/07/21;6.5;6.475;6.55;6.475;2,37M;0,39%
27/07/21;6.575;6.575;6.575;6.475;3,17M;1,15%
28/07/21;6.5;6.575;6.575;6.425;2,55M;-1,14%
29/07/21;6.375;6.45;6.5;6.375;8,46M;-1,92%
30/07/21;6.075;6.4;6.45;6.075;17,61M;-4,71%
02/08/21;6.175;6.175;6.225;6.1;7,79M;1,65%
03/08/21;6.125;6.175;6.25;6.125;6,80M;-0,81%
04/08/21;6.175;6.15;6.2;6.1;8,35M;0,82%
05/08/21;6.2;6.2;6.25;6.175;5,58M;0,40%
06/08/21;6.225;6.2;6.3;6.15;4,45M;0,40%
09/08/21;6.15;6.225;6.275;6.1;4,90M;-1,20%
10/08/21;6.125;6.125;6.175;6.05;6,28M;-0,41%
12/08/21;6.2;6.175;6.25;6.125;8,72M;1,22%
13/08/21;6.225;6.25;6.3;6.2;4,76M;0,40%
16/08/21;6.35;6.275;6.375;6.2;7,94M;2,01%
18/08/21;6.4;6.4;6.475;6.375;6,96M;0,79%
19/08/21;6.25;6.375;6.4;6.175;6,79M;-2,34%
20/08/21;6.175;6.225;6.225;6.15;4,02M;-1,20%
23/08/21;6.225;6.2;6.25;6.175;4,88M;0,81%
24/08/21;6.3;6.225;6.3;6.175;4,96M;1,20%
25/08/21;6.325;6.35;6.375;6.25;5,44M;0,40%
26/08/21;6.275;6.35;6.4;6.275;6,67M;-0,79%
27/08/21;6.425;6.325;6.45;6.275;11,22M;2,39%
30/08/21;6.525;6.45;6.525;6.425;8,84M;1,56%
31/08/21;6.175;6.525;6.525;6.175;29,73M;-5,36%
01/09/21;6.35;6.275;6.4;6.275;10,35M;2,83%
02/09/21;6.45;6.4;6.45;6.375;6,61M;1,57%
03/09/21;6.525;6.475;6.55;6.425;14,12M;1,16%
06/09/21;6.475;6.55;6.575;6.45;11,02M;-0,77%
07/09/21;6.25;6.3;6.3;6.2;9,38M;-3,47%
08/09/21;6.175;6.275;6.275;6.15;11,10M;-1,20%
09/09/21;6.275;6.175;6.275;6.15;9,25M;1,62%
10/09/21;6.225;6.3;6.3;6.225;3,66M;-0,80%
13/09/21;6.225;6.2;6.25;6.175;1,82M;0,00%
14/09/21;6.175;6.275;6.275;6.175;3,39M;-0,80%
15/09/21;6.25;6.175;6.25;6.175;4,02M;1,21%
16/09/21;6.2;6.25;6.275;6.175;3,69M;-0,80%
17/09/21;6.2;6.2;6.225;6.15;9,68M;0,00%
20/09/21;6.15;6.2;6.225;6.125;3,57M;-0,81%
21/09/21;6.15;6.15;6.175;6.1;3,73M;0,00%
22/09/21;6.2;6.175;6.2;6.15;2,41M;0,81%
23/09/21;6.15;6.2;6.225;6.15;5,40M;-0,81%
24/09/21;6.15;6.15;6.2;6.1;6,24M;0,00%
27/09/21;6.1;6.15;6.175;6.1;4,79M;-0,81%
28/09/21;6.15;6.1;6.225;6.1;6,69M;0,82%
29/09/21;6.15;6.125;6.175;6.1;4,70M;0,00%
30/09/21;6.35;6.2;6.375;6.175;17,59M;3,25%
01/10/21;6.25;6.325;6.325;6.175;8,80M;-1,57%
04/10/21;6.425;6.3;6.45;6.225;13,24M;2,80%
05/10/21;6.5;6.425;6.525;6.35;10,90M;1,17%
06/10/21;6.6;6.525;6.65;6.525;14,52M;1,54%
07/10/21;6.7;6.625;6.725;6.625;14,06M;1,52%
08/10/21;6.7;6.7;6.75;6.6;7,79M;0,00%
11/10/21;6.625;6.725;6.725;6.6;4,12M;-1,12%
12/10/21;6.675;6.65;6.7;6.6;6,39M;0,75%
13/10/21;6.775;6.65;6.825;6.625;14,07M;1,50%
14/10/21;6.85;6.775;6.9;6.775;20,07M;1,11%
15/10/21;6.775;6.9;6.95;6.75;15,57M;-1,09%
18/10/21;6.775;6.85;6.875;6.75;14,30M;0,00%
19/10/21;6.825;6.775;6.875;6.725;13,14M;0,74%
21/10/21;6.7;6.85;6.9;6.7;12,59M;-1,83%
22/10/21;6.65;6.7;6.7;6.6;7,42M;-0,75%
25/10/21;6.65;6.675;6.725;6.625;6,12M;0,00%
26/10/21;6.675;6.7;6.725;6.6;7,01M;0,38%
27/10/21;6.475;6.625;6.675;6.45;9,48M;-3,00%
28/10/21;6.4;6.45;6.5;6.35;10,02M;-1,16%
29/10/21;6.35;6.4;6.475;6.35;8,76M;-0,78%
01/11/21;6.275;6.325;6.4;6.25;16,15M;-1,18%
02/11/21;6.275;6.3;6.35;6.2;11,69M;0,00%
03/11/21;6.25;6.275;6.3;6.2;8,53M;-0,40%
04/11/21;6.275;6.25;6.35;6.25;7,15M;0,40%
05/11/21;6.25;6.275;6.325;6.225;6,62M;-0,40%
08/11/21;6.275;6.25;6.325;6.25;6,31M;0,40%
09/11/21;6.35;6.3;6.35;6.275;7,46M;1,20%
10/11/21;6.275;6.35;6.35;6.25;10,52M;-1,18%
11/11/21;6.325;6.275;6.35;6.25;11,35M;0,80%
12/11/21;6.35;6.35;6.375;6.3;3,70M;0,40%
15/11/21;6.3;6.35;6.375;6.25;5,02M;-0,79%
16/11/21;6.3;6.3;6.325;6.275;5,79M;0,00%
17/11/21;6.3;6.3;6.325;6.275;4,59M;0,00%
18/11/21;6.55;6.325;6.575;6.3;27,53M;3,97%
19/11/21;6.55;6.6;6.625;6.5;15,33M;0,00%
22/11/21;6.625;6.55;6.65;6.525;6,55M;1,15%
23/11/21;6.6;6.625;6.65;6.55;5,57M;-0,38%
24/11/21;6.55;6.6;6.6;6.45;6,46M;-0,76%
25/11/21;6.475;6.5;6.55;6.475;5,06M;-1,15%
26/11/21;6.35;6.475;6.525;6.325;10,21M;-1,93%
29/11/21;6.5;6.325;6.575;6.3;10,02M;2,36%
30/11/21;6.3;6.55;6.55;6.3;18,35M;-3,08%
01/12/21;6.525;6.4;6.65;6.4;18,02M;3,57%
02/12/21;6.475;6.525;6.6;6.475;7,75M;-0,77%
03/12/21;6.45;6.475;6.5;6.4;11,98M;-0,39%
06/12/21;6.425;6.425;6.525;6.4;9,86M;-0,39%
07/12/21;6.35;6.425;6.475;6.35;7,94M;-1,17%
08/12/21;6.375;6.375;6.45;6.375;3,75M;0,39%
09/12/21;6.55;6.425;6.55;6.4;5,86M;2,75%
10/12/21;6.625;6.5;6.625;6.45;9,44M;1,15%
13/12/21;6.55;6.625;6.625;6.55;6,05M;-1,13%
14/12/21;6.45;6.575;6.575;6.45;6,53M;-1,53%
15/12/21;6.5;6.5;6.6;6.475;3,99M;0,78%
16/12/21;6.425;6.5;6.575;6.425;5,26M;-1,15%
17/12/21;6.475;6.425;6.5;6.425;8,26M;0,78%
20/12/21;6.375;6.475;6.5;6.35;5,46M;-1,54%
21/12/21;6.375;6.375;6.425;6.325;5,43M;0,00%
22/12/21;6.3;6.375;6.4;6.3;4,31M;-1,18%
23/12/21;6.375;6.35;6.4;6.3;3,95M;1,19%
24/12/21;6.4;6.375;6.4;6.35;2,11M;0,39%
27/12/21;6.375;6.4;6.425;6.35;1,82M;-0,39%
28/12/21;6.325;6.425;6.425;6.3;3,87M;-0,78%
29/12/21;6.4;6.35;6.4;6.325;2,81M;1,19%
30/12/21;6.325;6.4;6.425;6.3;5,54M;-1,17%
03/01/22;6.25;6.325;6.35;6.25;7,16M;-1,19%
04/01/22;6.275;6.25;6.325;6.25;9,18M;0,40%
05/01/22;6.225;6.3;6.3;6.2;10,38M;-0,80%
06/01/22;6.3;6.225;6.3;6.225;4,72M;1,20%
07/01/22;6.425;6.35;6.45;6.325;10,17M;1,98%
10/01/22;6.4;6.425;6.475;6.375;7,14M;-0,39%
11/01/22;6.525;6.45;6.55;6.4;12,67M;1,95%
12/01/22;6.6;6.525;6.6;6.5;9,45M;1,15%
13/01/22;6.6;6.6;6.6;6.525;5,60M;0,00%
14/01/22;6.5;6.6;6.6;6.5;6,83M;-1,52%
17/01/22;6.475;6.5;6.6;6.425;7,25M;-0,38%
18/01/22;6.425;6.5;6.525;6.35;7,81M;-0,77%
19/01/22;6.425;6.45;6.475;6.375;4,46M;0,00%
20/01/22;6.35;6.425;6.45;6.35;8,23M;-1,17%
21/01/22;6.475;6.35;6.5;6.35;7,22M;1,97%
24/01/22;6.4;6.475;6.5;6.375;3,79M;-1,16%
25/01/22;6.35;6.4;6.45;6.325;5,22M;-0,78%
26/01/22;6.45;6.4;6.475;6.35;6,72M;1,57%
27/01/22;6.425;6.425;6.45;6.35;4,05M;-0,39%
28/01/22;6.375;6.4;6.425;6.325;5,35M;-0,78%
31/01/22;6.325;6.35;6.45;6.325;4,97M;-0,78%
02/02/22;6.4;6.325;6.4;6.325;3,57M;1,19%
03/02/22;6.425;6.4;6.425;6.35;2,67M;0,39%
04/02/22;6.425;6.425;6.475;6.35;3,23M;0,00%
07/02/22;6.475;6.425;6.475;6.4;5,44M;0,78%
08/02/22;6.375;6.45;6.475;6.375;5,01M;-1,54%
09/02/22;6.35;6.425;6.425;6.325;8,94M;-0,39%
10/02/22;6.325;6.35;6.4;6.3;8,11M;-0,39%
11/02/22;6.35;6.325;6.35;6.3;7,52M;0,40%
14/02/22;6.35;6.325;6.35;6.25;4,26M;0,00%
15/02/22;6.375;6.35;6.375;6.3;5,15M;0,39%
16/02/22;6.3;6.375;6.375;6.3;6,40M;-1,18%
17/02/22;6.375;6.325;6.375;6.3;3,84M;1,19%
18/02/22;6.375;6.375;6.4;6.35;6,76M;0,00%
21/02/22;6.275;6.375;6.375;6.275;8,71M;-1,57%
22/02/22;6.4;6.275;6.4;6.275;7,47M;1,99%
23/02/22;6.4;6.4;6.425;6.3;6,86M;0,00%
24/02/22;6.325;6.375;6.4;6.25;8,36M;-1,17%
25/02/22;6.2;6.3;6.35;6.2;24,14M;-1,98%
01/03/22;6.175;6.225;6.275;6.175;15,67M;-0,40%
02/03/22;6.2;6.175;6.25;6.1;14,05M;0,40%
04/03/22;6.075;6.15;6.2;6.05;14,79M;-2,02%
07/03/22;5.725;6.05;6.05;5.725;35,63M;-5,76%
08/03/22;5.925;5.75;6.0;5.725;20,44M;3,49%
09/03/22;5.95;5.975;6.0;5.925;8,87M;0,42%
10/03/22;6.075;6.025;6.075;5.95;8,02M;2,10%
11/03/22;6.05;6.075;6.075;5.975;5,35M;-0,41%
14/03/22;6.1;6.05;6.2;6.025;8,13M;0,83%
15/03/22;6.05;6.1;6.15;6.0;8,83M;-0,82%
16/03/22;6.15;6.05;6.15;6.025;7,73M;1,65%
17/03/22;6.125;6.15;6.2;6.1;7,42M;-0,41%
18/03/22;6.025;6.125;6.15;5.975;15,85M;-1,63%
21/03/22;5.975;6.05;6.075;5.95;6,48M;-0,83%
22/03/22;6.025;5.975;6.05;5.975;6,93M;0,84%
23/03/22;5.975;6.0;6.05;5.975;5,43M;-0,83%
24/03/22;5.95;6.0;6.0;5.925;9,61M;-0,42%
25/03/22;5.775;5.95;5.95;5.775;21,81M;-2,94%
28/03/22;5.8;5.75;5.825;5.725;15,89M;0,43%
29/03/22;5.825;5.85;5.9;5.8;11,35M;0,43%
30/03/22;5.925;5.875;5.95;5.85;11,30M;1,72%
31/03/22;5.95;6.0;6.025;5.925;11,81M;0,42%
01/04/22;6.05;5.975;6.05;5.95;11,89M;1,68%
04/04/22;6.1;6.05;6.1;6.025;10,17M;0,83%
05/04/22;6.1;6.1;6.1;6.025;6,11M;0,00%
06/04/22;6.1;6.1;6.1;6.0;10,92M;0,00%
07/04/22;6.1;6.075;6.175;6.025;11,71M;0,00%
08/04/22;6.125;6.175;6.175;6.075;9,29M;0,41%
11/04/22;6.075;6.125;6.15;6.025;6,76M;-0,82%
12/04/22;6.15;6.075;6.15;6.0;9,35M;1,23%
13/04/22;6.2;6.15;6.2;6.075;11,09M;0,81%
14/04/22;6.125;6.2;6.225;6.125;5,82M;-1,21%
18/04/22;6.125;6.125;6.2;6.075;8,82M;0,00%
19/04/22;6.2;6.125;6.2;6.1;6,00M;1,22%
20/04/22;6.225;6.225;6.275;6.2;12,88M;0,40%
21/04/22;6.25;6.2;6.325;6.2;12,42M;0,40%
22/04/22;6.3;6.25;6.325;6.2;14,60M;0,80%
25/04/22;6.3;6.25;6.35;6.225;9,51M;0,00%
26/04/22;6.3;6.3;6.375;6.225;12,66M;0,00%
27/04/22;6.35;6.3;6.4;6.25;10,37M;0,79%
28/04/22;6.3;6.375;6.375;6.3;9,01M;-0,79%
09/05/22;6.125;6.225;6.275;6.0;21,83M;-2,78%
10/05/22;6.4;6.1;6.4;6.025;22,21M;4,49%
11/05/22;6.45;6.4;6.55;6.4;22,88M;0,78%
12/05/22;6.4;6.475;6.525;6.35;14,64M;-0,78%
13/05/22;6.45;6.375;6.5;6.325;16,62M;0,78%
17/05/22;6.5;6.4;6.5;6.375;13,57M;0,78%
18/05/22;6.5;6.5;6.5;6.4;6,96M;0,00%
19/05/22;6.45;6.425;6.5;6.375;13,30M;-0,77%
20/05/22;6.45;6.45;6.475;6.4;5,77M;0,00%
23/05/22;6.4;6.425;6.475;6.3;11,79M;-0,78%
24/05/22;6.275;6.4;6.425;6.275;8,92M;-1,95%
25/05/22;6.4;6.275;6.4;6.25;8,16M;1,99%
27/05/22;6.425;6.4;6.45;6.325;8,67M;0,39%
30/05/22;6.45;6.475;6.475;6.375;4,04M;0,39%
31/05/22;6.6;6.45;6.6;6.4;20,68M;2,33%
02/06/22;6.7;6.7;6.7;6.575;19,44M;1,52%
03/06/22;6.675;6.7;6.7;6.6;12,17M;-0,37%
06/06/22;6.925;6.7;6.925;6.675;27,81M;3,75%
07/06/22;6.925;6.9;6.975;6.825;14,44M;0,00%
08/06/22;6.975;6.975;7.0;6.875;14,01M;0,72%
09/06/22;6.875;6.975;6.975;6.8;15,63M;-1,43%
10/06/22;6.875;6.825;6.875;6.775;7,71M;0,00%
13/06/22;6.825;6.775;6.85;6.625;12,82M;-0,73%
14/06/22;6.875;6.8;6.875;6.65;11,89M;0,73%
15/06/22;6.8;6.85;6.875;6.75;8,01M;-1,09%
16/06/22;6.8;6.8;6.85;6.7;8,84M;0,00%
17/06/22;6.825;6.7;6.825;6.65;20,37M;0,37%
20/06/22;6.9;6.8;6.9;6.725;10,91M;1,10%
21/06/22;6.875;6.9;6.95;6.85;7,17M;-0,36%
22/06/22;6.975;6.925;7.0;6.85;14,87M;1,45%
23/06/22;7.125;7.0;7.125;6.925;18,14M;2,15%
24/06/22;7.075;7.15;7.175;7.0;15,93M;-0,70%
27/06/22;7.2;7.075;7.2;7.0;9,67M;1,77%
28/06/22;7.25;7.175;7.25;7.125;12,18M;0,69%
29/06/22;7.1;7.225;7.225;7.075;8,80M;-2,07%
30/06/22;7.05;7.075;7.15;7.025;12,21M;-0,70%
01/07/22;7.025;7.05;7.1;6.975;6,19M;-0,35%
04/07/22;6.825;7.025;7.05;6.725;8,58M;-2,85%
05/07/22;6.925;6.85;7.025;6.85;7,72M;1,47%
06/07/22;7.0;6.925;7.0;6.8;6,84M;1,08%
07/07/22;6.9;7.0;7.025;6.9;6,75M;-1,43%
08/07/22;7.025;6.95;7.025;6.925;5,32M;1,81%
11/07/22;7.025;7.0;7.025;6.925;2,96M;0,00%
12/07/22;7.05;7.05;7.1;6.975;5,21M;0,36%
13/07/22;6.825;7.0;7.0;6.8;10,98M;-3,19%
14/07/22;6.925;6.825;6.95;6.8;7,61M;1,47%
15/07/22;6.9;6.925;6.95;6.825;4,24M;-0,36%
18/07/22;7.05;6.9;7.05;6.875;8,35M;2,17%
19/07/22;7.15;7.05;7.15;7.05;10,57M;1,42%
20/07/22;7.1;7.15;7.175;7.075;9,15M;-0,70%
21/07/22;7.175;7.125;7.2;7.05;12,52M;1,06%
22/07/22;7.05;7.175;7.2;7.05;3,70M;-1,74%
25/07/22;7.025;7.05;7.075;7.0;4,36M;-0,35%
26/07/22;7.0;7.025;7.05;6.95;6,31M;-0,36%
27/07/22;7.0;7.0;7.025;6.925;7,77M;0,00%
28/07/22;6.9;6.95;7.0;6.875;13,85M;-1,43%
29/07/22;6.8;6.9;6.925;6.8;17,09M;-1,45%
01/08/22;6.9;6.825;6.925;6.825;14,29M;1,47%
02/08/22;6.7;6.7;6.75;6.625;11,73M;-2,90%
03/08/22;6.575;6.675;6.675;6.525;10,94M;-1,87%
04/08/22;6.65;6.55;6.65;6.55;11,66M;1,14%
05/08/22;6.625;6.65;6.675;6.55;10,51M;-0,38%
08/08/22;6.625;6.6;6.65;6.55;9,52M;0,00%
09/08/22;6.55;6.625;6.675;6.55;10,86M;-1,13%
10/08/22;6.625;6.55;6.625;6.5;11,88M;1,15%
11/08/22;6.6;6.65;6.65;6.6;7,55M;-0,38%
12/08/22;6.625;6.65;6.65;6.575;7,14M;0,38%
15/08/22;6.625;6.625;6.625;6.55;3,71M;0,00%
16/08/22;6.55;6.625;6.65;6.45;15,97M;-1,13%
18/08/22;6.575;6.55;6.6;6.5;10,41M;0,38%
19/08/22;6.575;6.6;6.65;6.575;9,67M;0,00%
22/08/22;6.65;6.55;6.65;6.55;6,05M;1,14%
23/08/22;6.65;6.65;6.65;6.6;4,81M;0,00%
24/08/22;6.65;6.65;6.65;6.575;5,24M;0,00%
25/08/22;6.575;6.65;6.675;6.575;4,79M;-1,13%
26/08/22;6.5;6.55;6.6;6.5;6,22M;-1,14%
29/08/22;6.625;6.475;6.625;6.45;5,17M;1,92%
30/08/22;6.5;6.625;6.625;6.5;5,71M;-1,89%
31/08/22;6.225;6.3;6.35;6.2;28,44M;-4,23%
01/09/22;6.275;6.225;6.375;6.225;13,69M;0,80%
02/09/22;6.4;6.325;6.425;6.3;12,31M;1,99%
05/09/22;6.375;6.4;6.45;6.325;9,18M;-0,39%
06/09/22;6.35;6.375;6.425;6.325;6,56M;-0,39%
07/09/22;6.3;6.325;6.375;6.275;10,50M;-0,79%
08/09/22;6.25;6.35;6.35;6.25;10,36M;-0,79%
09/09/22;6.225;6.3;6.325;6.2;14,64M;-0,40%
12/09/22;6.225;6.2;6.275;6.175;10,78M;0,00%
13/09/22;6.2;6.225;6.3;6.2;9,24M;-0,40%
14/09/22;6.225;6.2;6.25;6.15;8,91M;0,40%
15/09/22;6.175;6.225;6.25;6.175;15,58M;-0,80%
16/09/22;6.3;6.15;6.3;6.15;18,16M;2,02%
19/09/22;6.2;6.275;6.275;6.2;9,07M;-1,59%
20/09/22;6.2;6.25;6.275;6.2;6,63M;0,00%
21/09/22;6.25;6.2;6.25;6.2;7,20M;0,81%
22/09/22;6.25;6.225;6.25;6.175;6,20M;0,00%
23/09/22;6.2;6.25;6.275;6.2;6,65M;-0,80%
26/09/22;6.2;6.225;6.25;6.15;8,77M;0,00%
27/09/22;6.15;6.2;6.225;6.125;9,55M;-0,81%
28/09/22;6.1;6.15;6.15;6.1;13,29M;-0,81%
29/09/22;6.025;6.1;6.15;6.025;7,21M;-1,23%
30/09/22;6.025;6.05;6.175;6.025;12,14M;0,00%
03/10/22;6.025;6.025;6.1;6.025;5,29M;0,00%
04/10/22;6.05;6.05;6.125;6.025;8,70M;0,41%
05/10/22;6.025;6.1;6.15;6.025;8,32M;-0,41%
06/10/22;6.1;6.1;6.1;6.05;5,07M;1,24%
07/10/22;6.075;6.075;6.125;6.025;6,91M;-0,41%
10/10/22;6.125;6.075;6.15;6.05;6,18M;0,82%
11/10/22;6.125;6.1;6.15;6.05;6,20M;0,00%
12/10/22;6.075;6.125;6.125;6.025;5,41M;-0,82%
13/10/22;6.05;6.1;6.125;6.025;7,81M;-0,41%
14/10/22;6.05;6.075;6.1;6.05;5,96M;0,00%
17/10/22;6.125;6.05;6.15;6.025;10,68M;1,24%
18/10/22;6.175;6.15;6.175;6.1;7,91M;0,82%
19/10/22;6.225;6.2;6.25;6.125;12,96M;0,81%
20/10/22;6.35;6.225;6.35;6.2;12,80M;2,01%
21/10/22;6.275;6.35;6.375;6.275;7,35M;-1,18%
24/10/22;6.3;6.3;6.35;6.275;7,06M;0,40%
25/10/22;6.2;6.3;6.325;6.2;11,87M;-1,59%
26/10/22;6.325;6.275;6.35;6.225;9,40M;2,02%
27/10/22;6.3;6.325;6.35;6.275;8,56M;-0,40%
28/10/22;6.375;6.35;6.375;6.3;9,18M;1,19%
31/10/22;6.45;6.375;6.475;6.375;13,08M;1,18%
01/11/22;6.45;6.45;6.475;6.35;9,53M;0,00%
02/11/22;6.425;6.425;6.45;6.35;6,89M;-0,39%
03/11/22;6.375;6.4;6.425;6.325;5,76M;-0,78%
04/11/22;6.45;6.35;6.45;6.35;6,94M;1,18%
07/11/22;6.5;6.45;6.5;6.375;7,71M;0,78%
08/11/22;6.475;6.55;6.55;6.4;4,85M;-0,38%
09/11/22;6.55;6.475;6.55;6.425;9,50M;1,16%
10/11/22;6.475;6.55;6.55;6.4;5,84M;-1,15%
11/11/22;6.4;6.5;6.5;6.375;6,38M;-1,16%
14/11/22;6.475;6.425;6.475;6.375;4,46M;1,17%
15/11/22;6.5;6.475;6.5;6.4;4,38M;0,39%
16/11/22;6.5;6.5;6.5;6.4;5,25M;0,00%
17/11/22;6.525;6.5;6.525;6.45;5,72M;0,38%
18/11/22;6.5;6.5;6.525;6.45;3,20M;-0,38%
21/11/22;6.525;6.5;6.55;6.475;4,90M;0,38%
22/11/22;6.45;6.525;6.525;6.45;4,38M;-1,15%
23/11/22;6.45;6.475;6.5;6.4;4,54M;0,00%
24/11/22;6.425;6.45;6.525;6.4;4,43M;-0,39%
25/11/22;6.325;6.4;6.425;6.3;5,90M;-1,56%
28/11/22;6.275;6.325;6.35;6.25;6,75M;-0,79%
29/11/22;6.325;6.275;6.375;6.275;5,78M;0,80%
30/11/22;6.45;6.325;6.5;6.325;18,17M;1,98%
01/12/22;6.675;6.55;6.7;6.525;21,55M;3,49%
02/12/22;6.775;6.675;6.8;6.55;18,87M;1,50%
05/12/22;6.775;6.775;6.775;6.675;6,56M;0,00%
06/12/22;6.775;6.775;6.775;6.65;10,50M;0,00%
07/12/22;6.85;6.75;6.85;6.725;11,42M;1,11%
08/12/22;6.9;6.85;6.9;6.75;11,01M;0,73%
09/12/22;6.925;6.875;6.95;6.825;11,85M;0,36%
12/12/22;6.975;6.925;7.0;6.825;10,13M;0,72%
13/12/22;6.925;6.975;6.975;6.85;5,53M;-0,72%
14/12/22;6.95;6.925;7.0;6.9;8,34M;0,36%
15/12/22;6.975;6.95;7.0;6.9;6,09M;0,36%
16/12/22;6.95;6.95;7.0;6.9;11,36M;-0,36%
19/12/22;7.0;6.95;7.0;6.85;5,65M;0,72%
20/12/22;6.975;6.975;6.975;6.85;4,38M;-0,36%
21/12/22;6.9;6.975;6.975;6.85;2,38M;-1,08%
22/12/22;6.8;6.9;6.925;6.8;2,85M;-1,45%
23/12/22;6.825;6.8;6.875;6.75;3,65M;0,37%
26/12/22;6.875;6.775;6.875;6.775;1,60M;0,73%
27/12/22;6.8;6.875;6.9;6.8;2,18M;-1,09%
28/12/22;6.725;6.8;6.85;6.675;5,90M;-1,10%
29/12/22;6.8;6.7;6.8;6.7;4,04M;1,12%
30/12/22;6.725;6.8;6.8;6.7;3,50M;-1,10%
02/01/23;6.775;6.725;6.825;6.725;2,00M;0,74%
03/01/23;6.75;6.75;6.85;6.75;3,94M;-0,37%
04/01/23;6.85;6.75;6.925;6.75;5,51M;1,48%
05/01/23;6.85;6.875;6.875;6.775;7,89M;0,00%
06/01/23;6.95;6.85;6.95;6.725;6,81M;1,46%
09/01/23;6.95;6.95;7.0;6.8;6,66M;0,00%
10/01/23;6.675;6.9;6.9;6.6;13,27M;-3,96%
11/01/23;6.675;6.675;6.725;6.525;10,30M;0,00%
12/01/23;6.625;6.675;6.7;6.6;4,89M;-0,75%
13/01/23;6.7;6.625;6.7;6.5;10,15M;1,13%
16/01/23;6.7;6.675;6.725;6.625;4,94M;0,00%
17/01/23;6.825;6.725;6.875;6.7;10,51M;1,87%
18/01/23;6.95;6.825;6.95;6.8;8,66M;1,83%
19/01/23;6.875;6.9;6.95;6.85;4,58M;-1,08%
20/01/23;6.875;6.875;6.9;6.775;7,49M;0,00%
24/01/23;6.925;6.875;6.925;6.825;2,47M;0,73%
25/01/23;6.8;6.925;6.95;6.8;3,35M;-1,81%
26/01/23;6.7;6.8;6.85;6.7;7,87M;-1,47%
27/01/23;6.7;6.7;6.775;6.675;9,35M;0,00%
30/01/23;6.8;6.7;6.8;6.675;6,87M;1,49%
31/01/23;6.725;6.8;6.85;6.65;10,68M;-1,10%
01/02/23;6.65;6.7;6.725;6.625;6,70M;-1,12%
02/02/23;6.6;6.65;6.675;6.575;10,46M;-0,75%
03/02/23;6.7;6.625;6.725;6.6;7,04M;1,52%
06/02/23;6.675;6.7;6.725;6.6;5,73M;-0,37%
07/02/23;6.675;6.675;6.7;6.625;3,10M;0,00%
08/02/23;6.8;6.7;6.8;6.675;6,70M;1,87%
09/02/23;6.775;6.8;6.825;6.75;3,70M;-0,37%
10/02/23;6.9;6.775;6.9;6.7;6,43M;1,85%
13/02/23;6.725;6.85;6.875;6.725;5,15M;-2,54%
14/02/23;6.75;6.725;6.8;6.7;4,04M;0,37%
15/02/23;6.675;6.7;6.75;6.6;8,82M;-1,11%
16/02/23;6.6;6.675;6.675;6.6;5,56M;-1,12%
17/02/23;6.6;6.6;6.6;6.5;9,86M;0,00%
20/02/23;6.625;6.55;6.625;6.55;4,76M;0,38%
21/02/23;6.525;6.6;6.625;6.525;6,34M;-1,51%
22/02/23;6.6;6.525;6.6;6.525;4,01M;1,15%
23/02/23;6.575;6.6;6.625;6.55;4,02M;-0,38%
24/02/23;6.575;6.575;6.625;6.55;3,32M;0,00%
27/02/23;6.6;6.575;6.6;6.525;5,48M;0,38%
28/02/23;6.475;6.6;6.6;6.475;15,81M;-1,89%
01/03/23;6.275;6.475;6.5;6.275;14,77M;-3,09%
02/03/23;6.25;6.3;6.35;6.25;9,68M;-0,40%
03/03/23;6.275;6.25;6.325;6.25;7,91M;0,40%
06/03/23;6.25;6.3;6.325;6.25;5,13M;-0,40%
07/03/23;6.25;6.25;6.325;6.2;7,21M;0,00%
08/03/23;6.15;6.25;6.275;6.15;8,06M;-1,60%
09/03/23;6.15;6.175;6.25;6.15;5,79M;0,00%
10/03/23;6.125;6.15;6.2;6.1;5,47M;-0,41%
13/03/23;6.125;6.125;6.225;6.1;5,18M;0,00%
14/03/23;6.175;6.15;6.225;6.125;7,09M;0,82%
15/03/23;6.1;6.175;6.225;6.1;5,09M;-1,21%
16/03/23;6.15;6.1;6.175;6.05;3,19M;0,82%
17/03/23;6.125;6.15;6.225;6.1;12,01M;-0,41%
20/03/23;6.2;6.125;6.2;6.125;2,33M;1,22%
21/03/23;6.125;6.225;6.225;6.125;6,11M;-1,21%
24/03/23;6.325;6.2;6.4;6.175;12,27M;3,27%
27/03/23;6.375;6.425;6.425;6.35;7,33M;0,79%
28/03/23;6.375;6.375;6.45;6.35;6,39M;0,00%
29/03/23;6.35;6.4;6.475;6.35;7,60M;-0,39%
30/03/23;6.4;6.4;6.475;6.35;7,31M;0,79%
31/03/23;6.2;6.4;6.425;6.2;15,21M;-3,13%
03/04/23;6.175;6.2;6.25;6.175;6,30M;-0,40%
04/04/23;6.35;6.175;6.35;6.175;6,10M;2,83%
05/04/23;6.275;6.375;6.375;6.275;6,61M;-1,18%
06/04/23;6.25;6.3;6.35;6.25;6,68M;-0,40%
10/04/23;6.325;6.275;6.325;6.2;4,64M;1,20%
11/04/23;6.35;6.325;6.35;6.25;4,14M;0,40%
12/04/23;6.275;6.325;6.35;6.25;6,32M;-1,18%
13/04/23;6.275;6.3;6.325;6.275;4,00M;0,00%
14/04/23;6.3;6.275;6.4;6.275;7,08M;0,40%
17/04/23;6.325;6.325;6.4;6.275;10,79M;0,40%
18/04/23;6.35;6.4;6.4;6.325;4,93M;0,40%
26/04/23;6.5;6.4;6.5;6.375;14,10M;2,36%
27/04/23;6.425;6.475;6.5;6.375;8,31M;-1,15%
28/04/23;6.45;6.425;6.5;6.4;11,95M;0,39%
02/05/23;6.5;6.475;6.5;6.4;8,93M;0,78%
03/05/23;6.65;6.775;6.8;6.55;18,86M;2,31%
04/05/23;6.625;6.6;6.7;6.55;12,34M;-0,38%
05/05/23;6.7;6.65;6.7;6.575;5,94M;1,13%
08/05/23;6.875;6.7;6.875;6.675;15,96M;2,61%
09/05/23;6.825;6.875;6.9;6.775;9,12M;-0,73%
10/05/23;6.9;6.85;6.9;6.8;8,70M;1,10%
11/05/23;6.8;6.9;6.9;6.75;4,96M;-1,45%
12/05/23;6.725;6.8;6.8;6.7;7,27M;-1,10%
15/05/23;6.725;6.725;6.775;6.675;6,32M;0,00%
16/05/23;6.825;6.725;6.85;6.7;13,00M;1,49%
17/05/23;6.8;6.825;6.85;6.725;8,44M;-0,37%
19/05/23;6.95;6.8;6.95;6.775;11,38M;2,21%
22/05/23;6.9;6.95;7.0;6.875;9,93M;-0,72%
23/05/23;6.95;6.9;6.975;6.9;14,41M;0,72%
24/05/23;6.95;6.95;6.975;6.875;8,63M;0,00%
25/05/23;7.1;6.975;7.175;6.95;16,68M;2,16%
26/05/23;7.2;7.1;7.25;7.1;12,86M;1,41%
29/05/23;7.2;7.2;7.275;7.125;8,78M;0,00%
30/05/23;7.15;7.175;7.2;7.15;4,83M;-0,69%
31/05/23;7.1;7.175;7.275;7.1;19,68M;-0,70%
05/06/23;7.25;7.2;7.275;7.15;16,15M;2,11%
06/06/23;7.375;7.275;7.475;7.25;20,43M;1,72%
07/06/23;7.45;7.425;7.475;7.4;12,32M;1,02%
08/06/23;7.425;7.5;7.5;7.375;7,13M;-0,34%
09/06/23;7.425;7.325;7.475;7.325;7,96M;0,00%
12/06/23;7.45;7.45;7.475;7.425;9,20M;0,34%
13/06/23;7.35;7.475;7.475;7.35;6,91M;-1,34%
14/06/23;7.425;7.35;7.45;7.35;7,03M;1,02%
15/06/23;7.45;7.45;7.475;7.4;6,01M;0,34%
16/06/23;7.275;7.425;7.475;7.275;20,76M;-2,35%
19/06/23;7.4;7.275;7.4;7.275;12,73M;1,72%
20/06/23;7.15;7.375;7.375;7.125;15,72M;-3,38%
21/06/23;7.375;7.175;7.4;7.175;9,87M;3,15%
22/06/23;7.225;7.375;7.4;7.225;6,93M;-2,03%
23/06/23;7.3;7.25;7.4;7.25;6,85M;1,04%
26/06/23;7.325;7.35;7.425;7.3;10,30M;0,34%
27/06/23;7.35;7.35;7.35;7.25;5,12M;0,34%
03/07/23;7.25;7.35;7.375;7.225;13,04M;-1,36%
04/07/23;7.375;7.275;7.375;7.25;7,37M;1,72%
05/07/23;7.425;7.375;7.475;7.35;9,38M;0,68%
06/07/23;7.45;7.425;7.475;7.375;18,39M;0,34%
07/07/23;7.275;7.3;7.35;7.225;13,72M;-2,35%
10/07/23;7.25;7.3;7.325;7.25;5,04M;-0,34%
11/07/23;7.3;7.25;7.325;7.25;6,80M;0,69%
12/07/23;7.4;7.325;7.475;7.275;7,08M;1,37%
13/07/23;7.45;7.4;7.525;7.4;13,44M;0,68%
14/07/23;7.45;7.475;7.55;7.425;8,08M;0,00%
17/07/23;7.3;7.425;7.45;7.3;8,10M;-2,01%
18/07/23;7.35;7.325;7.35;7.225;5,79M;0,68%
20/07/23;7.325;7.35;7.375;7.25;4,84M;-0,34%
21/07/23;7.325;7.325;7.35;7.25;4,12M;0,00%
24/07/23;7.275;7.35;7.35;7.275;2,61M;-0,68%
25/07/23;7.175;7.325;7.325;7.175;7,64M;-1,37%
26/07/23;7.175;7.175;7.25;7.15;6,79M;0,00%
27/07/23;7.25;7.175;7.325;7.175;4,79M;1,05%
28/07/23;7.325;7.275;7.325;7.2;6,68M;1,03%
31/07/23;7.325;7.325;7.375;7.25;10,23M;0,00%
01/08/23;7.0;7.275;7.275;7.0;15,28M;-4,44%
02/08/23;7.05;7.0;7.05;6.9;10,48M;0,71%
03/08/23;7.05;7.05;7.125;7.0;7,67M;0,00%
04/08/23;7.05;7.05;7.1;7.0;3,23M;0,00%
07/08/23;7.075;7.1;7.125;7.05;6,72M;0,35%
08/08/23;7.0;7.025;7.1;6.975;11,76M;-1,06%
09/08/23;6.975;7.0;7.0;6.925;8,38M;-0,36%
10/08/23;7.075;6.975;7.1;6.975;11,47M;1,43%
11/08/23;7.05;7.1;7.1;7.0;10,64M;-0,35%
14/08/23;7.05;7.05;7.075;6.975;9,92M;0,00%
15/08/23;7.0;7.05;7.05;6.95;5,21M;-0,71%
16/08/23;7.1;7.0;7.1;6.975;7,71M;1,43%
18/08/23;7.05;7.05;7.1;7.0;6,53M;-0,70%
21/08/23;7.0;7.05;7.05;6.95;7,69M;-0,71%
22/08/23;7.0;6.975;7.05;6.975;3,01M;0,00%
23/08/23;7.075;7.0;7.15;7.0;8,11M;1,07%
24/08/23;7.025;7.075;7.125;7.025;5,01M;-0,71%
25/08/23;7.125;7.025;7.15;7.0;6,99M;1,42%
28/08/23;7.1;7.125;7.175;7.075;3,67M;-0,35%
29/08/23;7.15;7.15;7.2;7.1;7,99M;0,70%
30/08/23;7.05;7.15;7.175;7.025;6,22M;-1,40%
31/08/23;7.1;7.05;7.1;7.025;8,34M;0,71%
01/09/23;7.0;7.1;7.1;7.0;7,09M;-1,41%
04/09/23;6.9;7.0;7.05;6.875;10,76M;-1,43%
05/09/23;6.85;6.9;6.9;6.825;9,10M;-0,72%
06/09/23;6.875;6.85;6.9;6.825;11,38M;0,36%
07/09/23;6.95;6.875;6.95;6.85;11,39M;1,09%
08/09/23;6.925;6.975;6.975;6.875;6,63M;-0,36%
11/09/23;6.95;6.925;6.95;6.875;4,05M;0,36%
12/09/23;6.85;6.975;6.975;6.825;7,69M;-1,44%
13/09/23;6.9;6.85;6.9;6.8;7,50M;0,73%
14/09/23;6.7;6.85;6.875;6.7;14,77M;-2,90%
15/09/23;6.75;6.7;6.75;6.65;16,27M;0,75%
18/09/23;6.6;6.75;6.75;6.575;10,49M;-2,22%
19/09/23;6.675;6.6;6.7;6.6;5,23M;1,14%
20/09/23;6.8;6.675;6.925;6.675;13,56M;1,87%
21/09/23;6.7;6.8;6.875;6.65;14,28M;-1,47%
22/09/23;6.775;6.7;6.8;6.7;8,64M;1,12%
25/09/23;6.775;6.8;6.825;6.7;11,16M;0,00%
26/09/23;6.7;6.775;6.8;6.7;8,02M;-1,11%
27/09/23;6.75;6.7;6.775;6.65;6,31M;0,75%
29/09/23;6.625;6.75;6.775;6.625;10,80M;-1,85%
02/10/23;6.75;6.625;6.8;6.625;6,08M;1,89%
03/10/23;6.725;6.75;6.825;6.725;8,20M;-0,37%
04/10/23;6.75;6.725;6.775;6.675;10,50M;0,37%
05/10/23;6.875;6.775;6.975;6.725;15,36M;1,85%
06/10/23;6.875;6.925;7.1;6.85;11,94M;0,00%
09/10/23;6.85;6.9;6.925;6.8;6,43M;-0,36%
10/10/23;6.8;6.9;6.95;6.8;4,76M;-0,73%
11/10/23;6.75;6.825;6.9;6.75;14,47M;-0,74%
12/10/23;6.725;6.75;6.85;6.725;7,31M;-0,37%
13/10/23;6.7;6.75;6.775;6.7;3,87M;-0,37%
16/10/23;6.725;6.7;6.775;6.675;7,11M;0,37%
17/10/23;6.85;6.75;6.85;6.725;6,09M;1,86%
18/10/23;6.8;6.85;6.85;6.75;7,38M;-0,73%
19/10/23;6.75;6.8;6.8;6.7;8,55M;-0,74%
20/10/23;6.675;6.725;6.75;6.65;6,09M;-1,11%
23/10/23;6.6;6.7;6.725;6.6;6,39M;-1,12%
24/10/23;6.725;6.6;6.8;6.6;5,38M;1,89%
25/10/23;6.75;6.725;6.825;6.725;3,31M;0,37%
26/10/23;6.75;6.75;6.825;6.625;13,44M;0,00%
27/10/23;6.75;6.75;6.8;6.7;3,88M;0,00%
30/10/23;6.725;6.75;6.775;6.625;7,56M;-0,37%
31/10/23;6.65;6.725;6.75;6.6;5,30M;-1,12%
01/11/23;6.65;6.7;6.95;6.6;17,10M;0,00%
02/11/23;6.475;6.7;6.7;6.475;14,73M;-2,63%
03/11/23;6.375;6.5;6.55;6.325;17,26M;-1,54%
06/11/23;6.35;6.375;6.425;6.325;11,67M;-0,39%
07/11/23;6.375;6.35;6.4;6.325;8,64M;0,39%
08/11/23;6.35;6.375;6.4;6.225;9,50M;-0,39%
09/11/23;6.325;6.35;6.4;6.3;4,71M;-0,39%
10/11/23;6.325;6.325;6.375;6.3;4,84M;0,00%
13/11/23;6.45;6.35;6.45;6.325;6,18M;1,98%
14/11/23;6.375;6.45;6.5;6.375;4,05M;-1,16%
15/11/23;6.425;6.425;6.475;6.425;4,64M;0,78%
16/11/23;6.45;6.45;6.475;6.35;5,84M;0,39%
17/11/23;6.425;6.45;6.45;6.35;4,21M;-0,39%
20/11/23;6.4;6.45;6.475;6.4;3,20M;-0,39%
21/11/23;6.425;6.425;6.45;6.35;4,18M;0,39%
22/11/23;6.35;6.425;6.425;6.35;5,32M;-1,17%
23/11/23;6.35;6.375;6.425;6.325;4,27M;0,00%
24/11/23;6.425;6.35;6.425;6.35;2,14M;1,18%
27/11/23;6.4;6.425;6.5;6.4;5,36M;-0,39%
28/11/23;6.375;6.4;6.45;6.375;5,77M;-0,39%
29/11/23;6.425;6.4;6.45;6.375;4,53M;0,78%
30/11/23;6.425;6.375;6.425;6.275;27,47M;0,00%
01/12/23;6.325;6.425;6.425;6.3;10,27M;-1,56%
04/12/23;6.35;6.35;6.4;6.325;6,68M;0,40%
05/12/23;6.475;6.375;6.475;6.35;7,96M;1,97%
06/12/23;6.5;6.45;6.625;6.425;10,24M;0,39%
07/12/23;6.45;6.5;6.5;6.4;5,41M;-0,77%
08/12/23;6.4;6.4;6.425;6.325;7,28M;-0,78%
11/12/23;6.375;6.4;6.4;6.325;4,43M;-0,39%
12/12/23;6.425;6.375;6.425;6.35;3,05M;0,78%
13/12/23;6.4;6.4;6.425;6.35;3,85M;-0,39%
14/12/23;6.4;6.4;6.45;6.375;4,69M;0,00%
15/12/23;6.325;6.35;6.375;6.325;11,99M;-1,17%
18/12/23;6.275;6.325;6.375;6.25;14,59M;-0,79%
19/12/23;6.325;6.275;6.35;6.25;3,54M;0,80%
20/12/23;6.275;6.325;6.35;6.275;5,90M;-0,79%
21/12/23;6.275;6.3;6.325;6.25;5,79M;0,00%
22/12/23;6.275;6.3;6.35;6.275;6,71M;0,00%
27/12/23;6.35;6.275;6.4;6.275;4,03M;1,20%
28/12/23;6.45;6.35;6.5;6.35;8,53M;1,57%
29/12/23;6.45;6.475;6.475;6.4;4,94M;0,00%
02/01/24;6.45;6.45;6.475;6.375;5,43M;0,00%
03/01/24;6.4;6.45;6.475;6.4;4,72M;-0,78%
04/01/24;6.45;6.425;6.5;6.4;5,15M;0,78%
05/01/24;6.45;6.475;6.55;6.45;8,99M;0,00%
08/01/24;6.4;6.45;6.5;6.4;5,58M;-0,78%
09/01/24;6.375;6.4;6.425;6.35;7,19M;-0,39%
10/01/24;6.35;6.375;6.45;6.35;8,21M;-0,39%
11/01/24;6.35;6.4;6.425;6.35;5,13M;0,00%
12/01/24;6.375;6.35;6.4;6.35;5,48M;0,39%
15/01/24;6.45;6.4;6.5;6.4;6,60M;1,18%
16/01/24;6.45;6.475;6.525;6.425;9,76M;0,00%
17/01/24;6.4;6.45;6.45;6.35;7,96M;-0,78%
18/01/24;6.375;6.375;6.4;6.325;6,63M;-0,39%
19/01/24;6.45;6.4;6.475;6.35;7,32M;1,18%
22/01/24;6.425;6.45;6.475;6.4;7,35M;-0,39%
23/01/24;6.4;6.425;6.425;6.35;7,87M;-0,39%
24/01/24;6.45;6.4;6.45;6.375;4,09M;0,78%
25/01/24;6.4;6.45;6.475;6.4;6,87M;-0,78%
26/01/24;6.425;6.4;6.45;6.375;5,16M;0,39%
29/01/24;6.425;6.425;6.425;6.375;6,41M;0,00%
30/01/24;6.4;6.4;6.425;6.375;4,53M;-0,39%
31/01/24;6.375;6.375;6.425;6.375;9,54M;-0,39%
01/02/24;6.35;6.35;6.45;6.35;10,87M;-0,39%
02/02/24;6.4;6.35;6.4;6.35;7,36M;0,79%
05/02/24;6.3;6.4;6.425;6.3;9,87M;-1,56%
06/02/24;6.35;6.325;6.4;6.3;9,45M;0,79%
07/02/24;6.35;6.375;6.45;6.325;10,42M;0,00%
12/02/24;6.4;6.35;6.45;6.35;7,08M;0,79%
13/02/24;6.35;6.4;6.45;6.35;5,49M;-0,78%
15/02/24;6.4;6.425;6.475;6.375;12,27M;0,79%
16/02/24;6.425;6.4;6.475;6.4;5,76M;0,39%
19/02/24;6.475;6.45;6.575;6.425;8,43M;0,78%
20/02/24;6.55;6.475;6.575;6.475;5,68M;1,16%
21/02/24;6.6;6.55;6.6;6.5;10,33M;0,76%
22/02/24;6.725;6.6;6.725;6.575;9,49M;1,89%
23/02/24;6.725;6.75;6.75;6.625;8,71M;0,00%
26/02/24;6.625;6.675;6.7;6.55;9,08M;-1,49%
27/02/24;6.575;6.6;6.6;6.525;5,46M;-0,75%
28/02/24;6.625;6.575;6.625;6.55;2,70M;0,76%
29/02/24;6.625;6.625;6.65;6.525;10,81M;0,00%
01/03/24;6.675;6.55;6.675;6.55;6,02M;0,75%
04/03/24;6.55;6.675;6.675;6.55;5,81M;-1,87%
05/03/24;6.5;6.575;6.575;6.475;6,99M;-0,76%
06/03/24;6.5;6.5;6.55;6.475;4,96M;0,00%
07/03/24;6.35;6.475;6.5;6.35;11,09M;-2,31%
08/03/24;6.35;6.375;6.4;6.325;11,80M;0,00%
13/03/24;6.3;6.35;6.425;6.3;13,16M;-0,79%
14/03/24;6.425;6.325;6.425;6.3;9,25M;1,98%
15/03/24;6.425;6.425;6.5;6.375;21,19M;0,00%
18/03/24;6.45;6.45;6.5;6.4;5,24M;0,39%
19/03/24;6.425;6.45;6.475;6.375;9,57M;-0,39%
20/03/24;6.475;6.45;6.475;6.425;5,28M;0,78%
21/03/24;6.45;6.475;6.525;6.425;7,93M;-0,39%
22/03/24;6.425;6.45;6.475;6.4;5,52M;-0,39%
25/03/24;6.45;6.425;6.5;6.425;5,63M;0,39%
26/03/24;6.375;6.4;6.4;6.225;14,40M;-1,16%
27/03/24;6.325;6.35;6.375;6.275;9,15M;-0,78%
28/03/24;6.375;6.325;6.375;6.325;6,14M;0,79%
01/04/24;6.425;6.4;6.425;6.325;9,24M;0,78%
02/04/24;6.6;6.425;6.6;6.4;12,80M;2,72%
03/04/24;6.55;6.6;6.6;6.525;10,25M;-0,76%
04/04/24;6.5;6.55;6.55;6.475;4,96M;-0,76%
05/04/24;6.5;6.5;6.575;6.5;6,93M;0,00%
16/04/24;6.15;6.3;6.375;6.125;31,10M;-5,38%
17/04/24;6.05;6.175;6.2;6.05;12,13M;-1,63%
18/04/24;6.125;6.05;6.125;6.05;11,61M;1,24%
19/04/24;6.1;6.1;6.1;6.025;10,63M;-0,41%
22/04/24;6.15;6.1;6.15;6.025;8,10M;0,82%
23/04/24;6.025;6.15;6.15;6.025;7,50M;-2,03%
24/04/24;6.05;6.05;6.1;6.025;5,02M;0,41%
25/04/24;6.2;6.075;6.2;6.05;7,27M;2,48%
26/04/24;6.05;6.2;6.2;6.05;5,11M;-2,42%
29/04/24;6.175;6.075;6.175;6.05;5,16M;2,07%
30/04/24;6.25;6.2;6.3;6.125;8,89M;1,21%
02/05/24;6.225;6.25;6.275;6.15;9,81M;-0,40%
03/05/24;6.225;6.25;6.25;6.125;3,44M;0,00%
06/05/24;6.225;6.275;6.275;6.15;5,50M;0,00%
07/05/24;6.15;6.225;6.25;6.15;4,47M;-1,20%
08/05/24;6.2;6.175;6.2;6.1;6,84M;0,81%
13/05/24;6.1;6.175;6.175;6.025;10,17M;-1,61%
14/05/24;6.175;6.125;6.175;6.075;7,38M;1,23%
15/05/24;6.1;6.15;6.175;6.05;7,16M;-1,21%
16/05/24;6.15;6.1;6.175;6.1;8,49M;0,82%
17/05/24;6.15;6.15;6.2;6.1;6,99M;0,00%
20/05/24;6.225;6.15;6.25;6.15;6,50M;1,22%
21/05/24;6.15;6.225;6.225;6.1;9,41M;-1,20%
22/05/24;6.15;6.15;6.175;6.1;3,60M;0,00%
27/05/24;6.125;6.15;6.175;6.025;9,55M;-0,41%
28/05/24;6.125;6.125;6.175;6.075;5,51M;0,00%
29/05/24;6.125;6.1;6.125;6.05;8,13M;0,00%
30/05/24;6.05;6.125;6.125;6.025;9,25M;-1,22%
31/05/24;5.875;6.075;6.1;5.875;30,41M;-2,89%
03/06/24;6.05;5.9;6.05;5.9;11,66M;2,98%
04/06/24;6.1;6.05;6.15;6.025;6,44M;0,83%
05/06/24;6.125;6.15;6.2;6.1;5,44M;0,41%
06/06/24;6.2;6.175;6.2;6.125;5,44M;1,22%
07/06/24;6.2;6.2;6.25;6.15;3,73M;0,00%
10/06/24;6.175;6.225;6.225;6.1;4,21M;-0,40%
11/06/24;6.125;6.15;6.175;6.1;5,40M;-0,81%
12/06/24;6.2;6.125;6.2;6.1;6,35M;1,22%
13/06/24;6.125;6.2;6.2;6.1;5,14M;-1,21%
14/06/24;6.075;6.125;6.15;6.025;7,04M;-0,82%
19/06/24;5.925;6.075;6.1;5.85;12,20M;-2,47%
20/06/24;5.925;5.95;5.95;5.85;8,63M;0,00%
21/06/24;5.975;5.925;6.1;5.9;17,31M;0,84%
24/06/24;5.925;6.025;6.025;5.925;6,29M;-0,84%
25/06/24;5.95;5.95;5.975;5.875;5,32M;0,42%
26/06/24;5.9;5.95;5.95;5.875;7,73M;-0,84%
27/06/24;6.025;5.95;6.05;5.925;6,28M;2,12%
28/06/24;6.075;6.0;6.15;6.0;10,54M;0,83%
01/07/24;6.1;6.075;6.1;6.025;8,02M;0,41%
02/07/24;6.1;6.1;6.125;6.05;6,21M;0,00%
03/07/24;6.1;6.1;6.1;6.025;6,80M;0,00%
04/07/24;6.075;6.1;6.125;6.075;3,88M;-0,41%
05/07/24;6.125;6.1;6.125;6.075;5,05M;0,82%
08/07/24;6.2;6.125;6.2;6.125;11,88M;1,22%
09/07/24;5.95;5.975;6.0;5.9;10,61M;-4,03%
10/07/24;6.0;5.975;6.025;5.95;7,02M;0,84%
11/07/24;5.925;6.0;6.025;5.925;6,35M;-1,25%
12/07/24;5.95;5.975;6.0;5.95;4,14M;0,42%
15/07/24;5.975;5.975;6.0;5.925;3,83M;0,42%
16/07/24;5.95;5.975;5.975;5.925;3,61M;-0,42%
17/07/24;6.05;5.975;6.05;5.95;7,00M;1,68%
18/07/24;6.075;6.05;6.075;6.0;5,35M;0,41%
19/07/24;6.075;6.05;6.075;5.975;6,00M;0,00%
22/07/24;6.025;6.1;6.1;6.0;4,42M;-0,82%
23/07/24;6.1;6.05;6.1;6.025;5,03M;1,24%
24/07/24;6.0;6.1;6.125;5.975;9,93M;-1,64%
25/07/24;6.1;6.0;6.1;5.975;9,09M;1,67%
26/07/24;6.125;6.125;6.15;6.05;5,43M;0,41%
29/07/24;6.075;6.075;6.15;6.075;4,81M;-0,82%
30/07/24;6.05;6.125;6.125;6.0;4,10M;-0,41%
31/07/24;6.125;6.075;6.125;6.025;14,63M;1,24%
01/08/24;6.15;6.075;6.25;6.025;15,24M;0,41%
02/08/24;6.1;6.15;6.175;6.1;6,43M;-0,81%
05/08/24;6.05;6.075;6.1;5.95;12,49M;-0,82%
06/08/24;6.1;6.025;6.15;6.025;11,58M;0,83%
07/08/24;6.125;6.075;6.15;6.075;4,24M;0,41%
08/08/24;6.225;6.15;6.225;6.125;9,40M;1,63%
09/08/24;6.275;6.225;6.275;6.175;7,07M;0,80%
12/08/24;6.25;6.275;6.3;6.225;5,56M;-0,40%
13/08/24;6.325;6.275;6.35;6.275;10,45M;1,20%
14/08/24;6.5;6.325;6.65;6.325;29,98M;2,77%
15/08/24;6.475;6.5;6.55;6.4;9,58M;-0,38%
16/08/24;6.525;6.5;6.525;6.4;9,53M;0,77%
19/08/24;6.45;6.525;6.525;6.375;10,03M;-1,15%
20/08/24;6.525;6.5;6.525;6.425;15,26M;1,16%
21/08/24;6.625;6.55;6.65;6.525;15,69M;1,53%
22/08/24;6.65;6.575;6.65;6.55;12,11M;0,38%
23/08/24;6.7;6.65;6.725;6.575;12,45M;0,75%
26/08/24;6.85;6.7;6.85;6.675;14,05M;2,24%
27/08/24;6.8;6.875;6.9;6.725;12,17M;-0,73%
28/08/24;6.825;6.825;6.825;6.7;9,44M;0,37%
29/08/24;6.8;6.825;6.825;6.75;13,27M;-0,37%
30/08/24;6.85;6.8;6.85;6.725;22,11M;0,74%
02/09/24;6.725;6.825;6.825;6.725;7,86M;-1,82%
03/09/24;6.775;6.7;6.775;6.675;11,65M;0,74%
04/09/24;6.7;6.725;6.725;6.65;8,27M;-1,11%
05/09/24;6.975;6.7;6.975;6.7;24,21M;4,10%
06/09/24;7.025;6.925;7.075;6.9;14,30M;0,72%
09/09/24;6.925;7.0;7.025;6.85;7,13M;-1,42%
10/09/24;7.05;6.95;7.05;6.925;12,14M;1,81%
11/09/24;7.0;7.0;7.025;6.95;9,46M;-0,71%
12/09/24;7.15;7.05;7.175;6.975;22,47M;2,14%
13/09/24;7.1;7.15;7.2;7.05;10,83M;-0,70%
17/09/24;7.1;7.1;7.15;7.025;7,88M;0,00%
18/09/24;7.075;7.125;7.15;7.05;5,43M;-0,35%
19/09/24;7.075;7.1;7.15;7.075;10,92M;0,00%
20/09/24;7.15;7.1;7.2;7.075;26,48M;1,06%
23/09/24;7.1;7.15;7.175;7.075;12,87M;-0,70%
24/09/24;7.175;7.125;7.175;7.075;15,04M;1,06%
25/09/24;7.175;7.175;7.175;7.075;17,99M;0,00%
26/09/24;7.225;7.2;7.25;7.175;18,00M;0,70%
27/09/24;7.175;7.25;7.25;7.175;9,53M;-0,69%
30/09/24;7.05;7.175;7.175;7.05;11,72M;-1,74%
01/10/24;7.175;7.05;7.175;7.05;10,45M;1,77%
02/10/24;7.075;7.125;7.15;7.025;9,65M;-1,39%
03/10/24;7.1;7.075;7.15;7.05;6,84M;0,35%
04/10/24;7.05;7.1;7.125;7.0;5,62M;-0,70%
07/10/24;6.925;7.0;7.0;6.825;10,83M;-1,77%
08/10/24;7.0;6.925;7.0;6.85;8,90M;1,08%
09/10/24;6.925;7.0;7.025;6.925;9,82M;-1,07%
10/10/24;7.025;7.0;7.1;6.925;11,88M;1,44%
11/10/24;7.0;7.1;7.1;6.975;4,47M;-0,36%
14/10/24;7.05;7.0;7.1;6.975;3,97M;0,71%
15/10/24;7.2;7.05;7.25;7.05;17,97M;2,13%
16/10/24;7.175;7.25;7.275;7.15;8,88M;-0,35%
17/10/24;7.175;7.175;7.275;7.175;5,42M;0,00%
18/10/24;7.425;7.225;7.475;7.2;23,78M;3,48%
21/10/24;7.4;7.4;7.425;7.325;8,43M;-0,34%
22/10/24;7.425;7.4;7.475;7.35;14,44M;0,34%
23/10/24;7.5;7.45;7.55;7.425;19,21M;1,01%
24/10/24;7.525;7.5;7.55;7.475;9,34M;0,33%
25/10/24;7.5;7.575;7.575;7.45;6,07M;-0,33%
28/10/24;7.525;7.5;7.525;7.375;4,96M;0,33%
29/10/24;7.575;7.5;7.575;7.45;10,86M;0,66%
30/10/24;7.475;7.575;7.575;7.45;9,56M;-1,32%
31/10/24;7.6;7.525;7.65;7.5;25,84M;1,67%
01/11/24;7.3;7.7;7.75;7.25;15,83M;-3,95%
04/11/24;7.45;7.3;7.525;7.3;15,49M;2,05%
05/11/24;7.875;7.525;7.875;7.5;29,73M;5,70%
06/11/24;7.8;7.875;8.0;7.725;13,93M;-0,95%
07/11/24;7.9;7.8;7.9;7.7;19,30M;1,28%
08/11/24;7.7;7.85;7.85;7.7;5,89M;-2,53%
11/11/24;7.8;7.75;7.8;7.675;11,98M;1,30%
12/11/24;7.85;7.8;7.9;7.75;13,96M;0,64%
13/11/24;7.725;7.825;7.85;7.7;5,01M;-1,59%
14/11/24;7.7;7.75;7.825;7.65;16,76M;-0,32%
15/11/24;7.725;7.7;7.8;7.675;4,66M;0,32%
18/11/24;7.725;7.725;7.725;7.675;11,13M;0,00%
19/11/24;7.8;7.725;7.8;7.7;8,21M;0,97%
20/11/24;7.8;7.8;7.8;7.725;5,83M;0,00%
21/11/24;7.625;7.775;7.775;7.6;7,34M;-2,24%
22/11/24;7.475;7.625;7.625;7.375;11,20M;-1,97%
25/11/24;7.6;7.5;7.6;7.45;19,27M;1,67%
26/11/24;7.65;7.55;7.675;7.5;8,59M;0,66%
28/11/24;7.65;7.65;7.65;7.5;8,60M;0,00%
29/11/24;7.55;7.675;7.7;7.55;12,61M;-1,31%
02/12/24;7.55;7.475;7.6;7.475;7,73M;0,00%
03/12/24;7.775;7.575;7.85;7.55;18,80M;2,98%
04/12/24;7.85;7.8;7.85;7.775;16,80M;0,96%
05/12/24;7.875;7.85;7.875;7.8;7,09M;0,32%
06/12/24;7.925;7.875;7.925;7.825;15,94M;0,63%
09/12/24;8.2;7.875;8.2;7.875;17,37M;3,47%
10/12/24;8.15;8.2;8.25;8.075;9,53M;-0,61%
11/12/24;8.2;8.075;8.3;8.075;13,00M;0,61%
12/12/24;8.2;8.2;8.2;8.025;8,88M;0,00%
13/12/24;8.175;8.2;8.275;8.075;7,18M;-0,30%
16/12/24;8.125;8.175;8.2;8.025;5,62M;-0,61%
17/12/24;8.05;8.125;8.125;7.925;10,83M;-0,92%
18/12/24;7.825;8.05;8.05;7.75;7,36M;-2,80%
19/12/24;7.65;7.775;7.775;7.55;9,51M;-2,24%
20/12/24;7.625;7.65;7.75;7.6;14,59M;-0,33%
23/12/24;7.725;7.675;7.8;7.65;5,53M;1,31%
24/12/24;7.625;7.725;7.725;7.6;3,63M;-1,29%
27/12/24;7.7;7.65;7.725;7.625;3,65M;0,98%
30/12/24;7.7;7.7;7.75;7.65;4,83M;0,00%
02/01/25;7.475;7.75;7.75;7.325;6,66M;-2,92%
03/01/25;7.55;7.525;7.65;7.45;6,04M;1,00%
06/01/25;7.375;7.5;7.5;7.325;5,62M;-2,32%
07/01/25;7.45;7.375;7.45;7.275;9,01M;1,02%
08/01/25;7.475;7.475;7.475;7.375;4,54M;0,34%
09/01/25;7.5;7.475;7.575;7.375;4,88M;0,33%
10/01/25;7.725;7.525;7.875;7.525;9,69M;3,00%
13/01/25;7.725;7.7;7.775;7.525;9,61M;0,00%
14/01/25;7.525;7.7;7.7;7.5;11,06M;-2,59%
15/01/25;7.7;7.525;7.7;7.525;8,52M;2,33%
16/01/25;7.575;7.7;7.8;7.575;12,17M;-1,62%
17/01/25;7.6;7.575;7.625;7.45;7,87M;0,33%
20/01/25;7.375;7.6;7.6;7.375;6,38M;-2,96%
21/01/25;7.45;7.4;7.5;7.375;6,12M;1,02%
22/01/25;7.625;7.45;7.7;7.45;11,27M;2,35%
23/01/25;7.5;7.675;7.775;7.5;10,74M;-1,64%
24/01/25;7.55;7.575;7.775;7.5;8,20M;0,67%
30/01/25;7.625;7.55;7.65;7.5;6,15M;0,99%
31/01/25;7.85;7.625;7.85;7.575;11,04M;2,95%
03/02/25;7.625;7.85;7.85;7.525;10,47M;-2,87%
04/02/25;7.7;7.625;7.825;7.6;7,50M;0,98%
05/02/25;7.525;7.575;7.7;7.45;9,71M;-2,27%
06/02/25;7.525;7.525;7.55;7.45;6,87M;0,00%
07/02/25;7.65;7.55;7.65;7.4;7,63M;1,66%
10/02/25;7.775;7.675;8.175;7.675;14,59M;1,63%
11/02/25;7.7;7.775;7.8;7.65;6,95M;-0,96%
12/02/25;7.8;7.725;7.85;7.725;5,35M;1,30%
13/02/25;7.8;7.8;7.95;7.7;8,66M;0,00%
14/02/25;7.75;7.8;7.9;7.75;4,00M;-0,64%
17/02/25;7.825;7.75;7.925;7.75;4,78M;0,97%
18/02/25;7.85;7.825;7.875;7.775;2,87M;0,32%
19/02/25;8.0;7.85;8.075;7.825;12,31M;1,91%
20/02/25;7.975;8.0;8.0;7.775;7,55M;-0,31%
21/02/25;7.7;7.975;7.975;7.7;8,93M;-3,45%
24/02/25;7.9;7.7;7.9;7.7;4,72M;2,60%
25/02/25;7.825;7.9;7.95;7.75;5,65M;-0,95%
26/02/25;7.725;7.75;7.775;7.45;11,79M;-1,28%
27/02/25;7.6;7.7;7.7;7.5;7,26M;-1,62%
28/02/25;7.125;7.55;7.625;7.05;22,65M;-6,25%
03/03/25;7.35;7.2;7.5;7.1;7,09M;3,16%
04/03/25;7.325;7.35;7.45;7.175;6,24M;-0,34%
05/03/25;7.425;7.325;7.475;7.275;7,51M;1,37%
06/03/25;7.3;7.425;7.5;7.3;6,80M;-1,68%
07/03/25;7.25;7.275;7.325;7.225;6,42M;-0,68%
10/03/25;7.55;7.225;7.55;7.225;9,49M;4,14%
11/03/25;7.275;7.475;7.475;7.275;9,52M;-3,64%
12/03/25;7.475;7.275;7.5;7.275;8,07M;2,75%
13/03/25;7.3;7.475;7.475;7.25;7,10M;-2,34%
14/03/25;7.175;7.3;7.325;7.125;8,58M;-1,71%
17/03/25;7.275;7.2;7.325;7.15;6,24M;1,39%
18/03/25;7.075;7.275;7.275;6.9;11,58M;-2,75%
19/03/25;7.2;7.075;7.2;7.05;6,11M;1,77%
20/03/25;7.025;7.2;7.2;7.025;7,61M;-2,43%
21/03/25;6.975;7.075;7.075;6.725;15,61M;-0,71%
24/03/25;6.8;6.95;6.95;6.525;6,57M;-2,51%
25/03/25;6.8;6.85;7.0;6.8;7,67M;0,00%
26/03/25;6.925;6.8;7.025;6.775;8,11M;1,84%
27/03/25;7.1;6.925;7.15;6.9;9,07M;2,53%
08/04/25;7.2;6.6;7.2;6.55;18,38M;1,41%
09/04/25;6.675;7.1;7.175;6.675;13,93M;-7,29%
10/04/25;7.075;6.925;7.1;6.85;6,98M;5,99%
11/04/25;6.9;6.875;7.05;6.85;5,55M;-2,47%
14/04/25;7.125;7.0;7.2;6.975;6,75M;3,26%
15/04/25;7.3;7.2;7.3;7.125;8,35M;2,46%
16/04/25;7.4;7.225;7.4;7.125;4,27M;1,37%
17/04/25;7.3;7.325;7.35;7.225;5,81M;-1,35%
21/04/25;7.35;7.275;7.375;7.15;1,68M;0,68%
22/04/25;7.2;7.325;7.35;7.15;5,95M;-2,04%
23/04/25;7.35;7.225;7.425;7.225;9,91M;2,08%
24/04/25;7.25;7.3;7.325;7.15;6,33M;-1,36%
25/04/25;7.475;7.275;7.475;7.275;5,16M;3,10%
28/04/25;7.425;7.475;7.5;7.35;2,93M;-0,67%
29/04/25;7.5;7.425;7.525;7.425;4,79M;1,01%
30/04/25;8.0;7.5;8.0;7.425;12,40M;6,67%
02/05/25;7.7;7.825;7.85;7.675;6,38M;-3,75%
05/05/25;7.6;7.725;7.75;7.6;4,80M;-1,30%
06/05/25;7.525;7.675;7.775;7.525;5,79M;-0,99%
07/05/25;7.75;7.55;7.95;7.55;12,04M;2,99%
08/05/25;7.775;7.75;7.85;7.65;8,46M;0,32%
09/05/25;7.975;7.775;8.0;7.7;7,22M;2,57%
14/05/25;7.875;8.0;8.125;7.875;8,26M;-1,25%
15/05/25;8.1;7.9;8.15;7.9;10,06M;2,86%
16/05/25;8.45;8.2;8.475;8.125;12,70M;4,32%
19/05/25;8.225;8.45;8.5;8.225;12,11M;-2,66%
20/05/25;7.875;8.25;8.325;7.875;12,13M;-4,26%
21/05/25;7.975;7.875;8.025;7.875;10,05M;1,27%
22/05/25;7.9;7.975;8.15;7.9;12,04M;-0,94%
23/05/25;7.85;7.9;7.975;7.825;7,88M;-0,63%
26/05/25;7.85;7.85;7.9;7.825;5,29M;0,00%
27/05/25;7.875;7.875;7.9;7.825;5,10M;0,32%
28/05/25;7.875;7.9;7.95;7.775;13,34M;0,00%
02/06/25;7.675;7.925;7.95;7.65;9,73M;-2,54%
03/06/25;7.825;7.675;7.875;7.65;8,01M;1,95%
04/06/25;8.225;7.95;8.225;7.875;19,74M;5,11%
05/06/25;8.15;8.2;8.275;8.1;10,39M;-0,91%
10/06/25;8.2;8.15;8.25;8.125;7,20M;0,61%
11/06/25;8.5;8.275;8.5;8.15;20,16M;3,66%
12/06/25;8.225;8.4;8.4;8.225;10,97M;-3,24%
13/06/25;8.325;8.275;8.45;8.225;11,96M;1,22%
16/06/25;8.225;8.275;8.35;8.225;7,50M;-1,20%
17/06/25;8.2;8.3;8.35;8.2;7,75M;-0,30%
18/06/25;8.125;8.225;8.325;8.1;8,31M;-0,91%
19/06/25;8.05;8.15;8.275;8.025;4,75M;-0,92%
20/06/25;8.05;8.05;8.125;8.025;13,42M;0,00%
23/06/25;7.925;8.0;8.0;7.8;4,73M;-1,55%
24/06/25;7.925;7.95;8.025;7.9;12,22M;0,00%
25/06/25;8.05;8.025;8.1;7.975;7,39M;1,58%
26/06/25;8.05;8.05;8.1;7.925;7,69M;0,00%
30/06/25;8.125;8.1;8.15;7.95;9,28M;0,93%
01/07/25;8.2;8.05;8.2;8.05;8,27M;0,92%
02/07/25;7.975;7.975;8.05;7.875;11,43M;-2,74%
03/07/25;8.1;7.925;8.125;7.875;8,04M;1,57%
04/07/25;8.1;8.125;8.25;8.05;7,56M;0,00%
07/07/25;8.1;8.1;8.1;8.0;5,54M;0,00%
08/07/25;8.025;8.05;8.1;7.975;4,59M;-0,93%
09/07/25;8.175;8.025;8.2;8.0;7,33M;1,87%
10/07/25;8.15;8.175;8.2;8.05;4,62M;-0,31%
11/07/25;8.25;8.15;8.25;8.1;8,35M;1,23%
14/07/25;8.35;8.25;8.35;8.125;10,10M;1,21%
15/07/25;8.325;8.35;8.35;8.225;17,75M;-0,30%
16/07/25;8.275;8.325;8.45;8.275;12,71M;-0,60%
17/07/25;8.225;8.35;8.45;8.175;7,19M;-0,60%
18/07/25;8.225;8.225;8.275;8.2;4,00M;0,00%
21/07/25;8.3;8.275;8.375;8.225;4,41M;0,91%
22/07/25;8.225;8.3;8.3;8.2;3,52M;-0,90%
23/07/25;8.35;8.3;8.35;8.2;4,56M;1,52%
24/07/25;8.35;8.35;8.45;8.35;5,00M;0,00%
25/07/25;8.4;8.35;8.4;8.3;3,39M;0,60%
28/07/25;8.375;8.475;8.475;8.35;3,31M;-0,30%
29/07/25;8.3;8.35;8.4;8.275;3,73M;-0,90%
30/07/25;8.375;8.325;8.4;8.275;6,80M;0,90%
31/07/25;8.525;8.425;8.825;8.4;16,89M;1,79%
01/08/25;8.475;8.675;8.7;8.45;7,23M;-0,59%
04/08/25;8.375;8.475;8.525;8.375;3,45M;-1,18%
05/08/25;8.325;8.4;8.425;8.2;4,72M;-0,60%
06/08/25;8.2;8.35;8.375;8.125;5,56M;-1,50%
07/08/25;8.2;8.2;8.325;8.0;8,38M;0,00%
08/08/25;8.15;8.225;8.275;8.125;3,96M;-0,61%
11/08/25;8.075;8.15;8.2;7.975;5,24M;-0,92%
12/08/25;8.05;8.075;8.15;8.0;3,72M;-0,31%
13/08/25;8.025;8.025;8.125;7.975;6,00M;-0,31%
14/08/25;8.15;8.0;8.175;8.0;8,22M;1,56%
15/08/25;8.05;8.15;8.175;8.05;10,27M;-1,23%
19/08/25;7.925;8.05;8.05;7.825;9,98M;-1,55%
20/08/25;7.975;7.925;8.0;7.9;5,06M;0,63%
21/08/25;7.925;7.95;7.975;7.925;3,96M;-0,63%
22/08/25;7.85;7.975;8.0;7.85;4,61M;-0,95%
25/08/25;7.7;7.85;7.9;7.7;9,88M;-1,91%
26/08/25;7.8;7.7;7.8;7.625;15,56M;1,30%
27/08/25;7.6;7.725;7.725;7.575;12,73M;-2,56%
28/08/25;7.6;7.6;7.65;7.55;12,99M;0,00%
29/08/25;7.45;7.55;7.6;7.45;10,41M;-1,97%
01/09/25;7.4;7.1;7.45;7.075;10,60M;-0,67%
02/09/25;7.5;7.425;7.6;7.425;5,77M;1,35%
03/09/25;7.7;7.525;7.75;7.525;9,93M;2,67%
04/09/25;7.525;7.7;7.7;7.525;4,24M;-2,27%
08/09/25;7.425;7.525;7.575;7.4;8,65M;-1,33%
09/09/25;7.35;7.4;7.425;7.35;8,54M;-1,01%
10/09/25;7.425;7.375;7.475;7.3;9,45M;1,02%
11/09/25;7.475;7.475;7.525;7.45;5,29M;0,67%
12/09/25;7.55;7.5;7.575;7.45;4,23M;1,00%
15/09/25;7.65;7.6;7.65;7.55;3,73M;1,32%
16/09/25;7.65;7.7;7.7;7.625;3,20M;0,00%
17/09/25;7.775;7.65;7.8;7.65;5,05M;1,63%
18/09/25;7.65;7.775;7.775;7.6;4,90M;-1,61%
19/09/25;7.825;7.7;7.875;7.65;9,94M;2,29%
22/09/25;7.85;7.825;7.85;7.75;6,11M;0,32%
23/09/25;7.775;7.85;7.875;7.75;4,16M;-0,96%
24/09/25;7.875;7.8;7.95;7.75;9,42M;1,29%
25/09/25;7.75;7.9;7.925;7.725;8,76M;-1,59%
26/09/25;7.65;7.8;7.825;7.65;8,00M;-1,29%
29/09/25;7.575;7.7;7.725;7.525;6,64M;-0,98%
30/09/25;7.225;7.575;7.625;7.225;15,15M;-4,62%
01/10/25;7.1;7.275;7.35;7.075;11,26M;-1,73%
02/10/25;7.025;7.125;7.15;7.0;9,61M;-1,06%
03/10/25;7.15;7.025;7.175;7.025;6,07M;1,78%
06/10/25;7.1;7.2;7.2;7.025;5,28M;-0,70%
07/10/25;7.225;7.125;7.25;7.1;7,67M;1,76%
08/10/25;7.25;7.3;7.3;7.225;7,31M;0,35%
09/10/25;7.15;7.275;7.275;7.05;11,26M;-1,38%
10/10/25;7.2;7.15;7.275;7.1;10,19M;0,70%
13/10/25;7.2;7.1;7.25;7.025;5,52M;0,00%
14/10/25;7.05;7.25;7.25;7.05;4,11M;-2,08%
15/10/25;6.9;7.05;7.1;6.875;8,98M;-2,13%
16/10/25;7.075;6.9;7.225;6.85;13,55M;2,54%
17/10/25;7.125;7.15;7.2;7.075;6,51M;0,71%
20/10/25;7.25;7.125;7.3;7.125;10,83M;1,75%
21/10/25;7.275;7.325;7.325;7.175;4,97M;0,34%
22/10/25;7.175;7.225;7.375;7.175;8,15M;-1,37%
